# Blender 3.6.4
# www.blender.org
mtllib Bookcase.mtl
o Cube
v -0.688826 0.439748 0.096291
v -0.688826 0.192300 0.096291
v -0.688826 0.439748 -0.061830
v -0.688826 0.192300 -0.061830
v -0.642125 0.439748 0.096291
v -0.642125 0.192300 0.096291
v -0.642125 0.439748 -0.061830
v -0.642125 0.192300 -0.061830
vn -1.0000 -0.0000 -0.0000
vn -0.0000 -0.0000 -1.0000
vn 1.0000 -0.0000 -0.0000
vn -0.0000 -0.0000 1.0000
vn -0.0000 1.0000 -0.0000
vn -0.0000 -1.0000 -0.0000
vt 0.375000 0.000000
vt 0.625000 0.000000
vt 0.625000 0.250000
vt 0.375000 0.250000
vt 0.625000 0.500000
vt 0.375000 0.500000
vt 0.625000 0.750000
vt 0.375000 0.750000
vt 0.625000 1.000000
vt 0.375000 1.000000
vt 0.125000 0.500000
vt 0.125000 0.750000
vt 0.875000 0.500000
vt 0.875000 0.750000
s 0
usemtl Material.002
f 1/1/1 3/4/1 4/3/1 2/2/1
f 3/4/2 7/6/2 8/5/2 4/3/2
f 7/6/3 5/8/3 6/7/3 8/5/3
f 5/8/4 1/10/4 2/9/4 6/7/4
f 3/11/5 1/12/5 5/8/5 7/6/5
f 8/5/6 6/7/6 2/14/6 4/13/6
o Cube.001
v -0.603001 0.439748 0.096291
v -0.603001 0.192300 0.096291
v -0.603001 0.439748 -0.061830
v -0.603001 0.192300 -0.061830
v -0.556301 0.439748 0.096291
v -0.556301 0.192300 0.096291
v -0.556301 0.439748 -0.061830
v -0.556301 0.192300 -0.061830
vn -1.0000 -0.0000 -0.0000
vn -0.0000 -0.0000 -1.0000
vn 1.0000 -0.0000 -0.0000
vn -0.0000 -0.0000 1.0000
vn -0.0000 1.0000 -0.0000
vn -0.0000 -1.0000 -0.0000
vt 0.375000 0.000000
vt 0.625000 0.000000
vt 0.625000 0.250000
vt 0.375000 0.250000
vt 0.625000 0.500000
vt 0.375000 0.500000
vt 0.625000 0.750000
vt 0.375000 0.750000
vt 0.625000 1.000000
vt 0.375000 1.000000
vt 0.125000 0.500000
vt 0.125000 0.750000
vt 0.875000 0.500000
vt 0.875000 0.750000
s 0
usemtl Material.002
f 9/15/7 11/18/7 12/17/7 10/16/7
f 11/18/8 15/20/8 16/19/8 12/17/8
f 15/20/9 13/22/9 14/21/9 16/19/9
f 13/22/10 9/24/10 10/23/10 14/21/10
f 11/25/11 9/26/11 13/22/11 15/20/11
f 16/19/12 14/21/12 10/28/12 12/27/12
o Cube.002
v -0.509880 0.439748 0.096291
v -0.509880 0.192300 0.096291
v -0.509880 0.439748 -0.061830
v -0.509880 0.192300 -0.061830
v -0.463179 0.439748 0.096291
v -0.463179 0.192300 0.096291
v -0.463179 0.439748 -0.061830
v -0.463179 0.192300 -0.061830
vn -1.0000 -0.0000 -0.0000
vn -0.0000 -0.0000 -1.0000
vn 1.0000 -0.0000 -0.0000
vn -0.0000 -0.0000 1.0000
vn -0.0000 1.0000 -0.0000
vn -0.0000 -1.0000 -0.0000
vt 0.375000 0.000000
vt 0.625000 0.000000
vt 0.625000 0.250000
vt 0.375000 0.250000
vt 0.625000 0.500000
vt 0.375000 0.500000
vt 0.625000 0.750000
vt 0.375000 0.750000
vt 0.625000 1.000000
vt 0.375000 1.000000
vt 0.125000 0.500000
vt 0.125000 0.750000
vt 0.875000 0.500000
vt 0.875000 0.750000
s 0
usemtl Material.002
f 17/29/13 19/32/13 20/31/13 18/30/13
f 19/32/14 23/34/14 24/33/14 20/31/14
f 23/34/15 21/36/15 22/35/15 24/33/15
f 21/36/16 17/38/16 18/37/16 22/35/16
f 19/39/17 17/40/17 21/36/17 23/34/17
f 24/33/18 22/35/18 18/42/18 20/41/18
o Cube.003
v -0.428914 0.439748 0.096291
v -0.428914 0.192300 0.096291
v -0.428914 0.439748 -0.061830
v -0.428914 0.192300 -0.061830
v -0.382214 0.439748 0.096291
v -0.382214 0.192300 0.096291
v -0.382214 0.439748 -0.061830
v -0.382214 0.192300 -0.061830
vn -1.0000 -0.0000 -0.0000
vn -0.0000 -0.0000 -1.0000
vn 1.0000 -0.0000 -0.0000
vn -0.0000 -0.0000 1.0000
vn -0.0000 1.0000 -0.0000
vn -0.0000 -1.0000 -0.0000
vt 0.375000 0.000000
vt 0.625000 0.000000
vt 0.625000 0.250000
vt 0.375000 0.250000
vt 0.625000 0.500000
vt 0.375000 0.500000
vt 0.625000 0.750000
vt 0.375000 0.750000
vt 0.625000 1.000000
vt 0.375000 1.000000
vt 0.125000 0.500000
vt 0.125000 0.750000
vt 0.875000 0.500000
vt 0.875000 0.750000
s 0
usemtl Material.002
f 25/43/19 27/46/19 28/45/19 26/44/19
f 27/46/20 31/48/20 32/47/20 28/45/20
f 31/48/21 29/50/21 30/49/21 32/47/21
f 29/50/22 25/52/22 26/51/22 30/49/22
f 27/53/23 25/54/23 29/50/23 31/48/23
f 32/47/24 30/49/24 26/56/24 28/55/24
o Cube.004
v -0.343090 0.439748 0.096291
v -0.343090 0.192300 0.096291
v -0.343090 0.439748 -0.061830
v -0.343090 0.192300 -0.061830
v -0.296389 0.439748 0.096291
v -0.296389 0.192300 0.096291
v -0.296389 0.439748 -0.061830
v -0.296389 0.192300 -0.061830
vn -1.0000 -0.0000 -0.0000
vn -0.0000 -0.0000 -1.0000
vn 1.0000 -0.0000 -0.0000
vn -0.0000 -0.0000 1.0000
vn -0.0000 1.0000 -0.0000
vn -0.0000 -1.0000 -0.0000
vt 0.375000 0.000000
vt 0.625000 0.000000
vt 0.625000 0.250000
vt 0.375000 0.250000
vt 0.625000 0.500000
vt 0.375000 0.500000
vt 0.625000 0.750000
vt 0.375000 0.750000
vt 0.625000 1.000000
vt 0.375000 1.000000
vt 0.125000 0.500000
vt 0.125000 0.750000
vt 0.875000 0.500000
vt 0.875000 0.750000
s 0
usemtl Material.002
f 33/57/25 35/60/25 36/59/25 34/58/25
f 35/60/26 39/62/26 40/61/26 36/59/26
f 39/62/27 37/64/27 38/63/27 40/61/27
f 37/64/28 33/66/28 34/65/28 38/63/28
f 35/67/29 33/68/29 37/64/29 39/62/29
f 40/61/30 38/63/30 34/70/30 36/69/30
o Cube.005
v -0.249969 0.439748 0.096291
v -0.249969 0.192300 0.096291
v -0.249969 0.439748 -0.061830
v -0.249969 0.192300 -0.061830
v -0.203268 0.439748 0.096291
v -0.203268 0.192300 0.096291
v -0.203268 0.439748 -0.061830
v -0.203268 0.192300 -0.061830
vn -1.0000 -0.0000 -0.0000
vn -0.0000 -0.0000 -1.0000
vn 1.0000 -0.0000 -0.0000
vn -0.0000 -0.0000 1.0000
vn -0.0000 1.0000 -0.0000
vn -0.0000 -1.0000 -0.0000
vt 0.375000 0.000000
vt 0.625000 0.000000
vt 0.625000 0.250000
vt 0.375000 0.250000
vt 0.625000 0.500000
vt 0.375000 0.500000
vt 0.625000 0.750000
vt 0.375000 0.750000
vt 0.625000 1.000000
vt 0.375000 1.000000
vt 0.125000 0.500000
vt 0.125000 0.750000
vt 0.875000 0.500000
vt 0.875000 0.750000
s 0
usemtl Material.002
f 41/71/31 43/74/31 44/73/31 42/72/31
f 43/74/32 47/76/32 48/75/32 44/73/32
f 47/76/33 45/78/33 46/77/33 48/75/33
f 45/78/34 41/80/34 42/79/34 46/77/34
f 43/81/35 41/82/35 45/78/35 47/76/35
f 48/75/36 46/77/36 42/84/36 44/83/36
o Cube.006
v -0.156454 0.439748 0.096291
v -0.156454 0.192300 0.096291
v -0.156454 0.439748 -0.061830
v -0.156454 0.192300 -0.061830
v -0.109753 0.439748 0.096291
v -0.109753 0.192300 0.096291
v -0.109753 0.439748 -0.061830
v -0.109753 0.192300 -0.061830
vn -1.0000 -0.0000 -0.0000
vn -0.0000 -0.0000 -1.0000
vn 1.0000 -0.0000 -0.0000
vn -0.0000 -0.0000 1.0000
vn -0.0000 1.0000 -0.0000
vn -0.0000 -1.0000 -0.0000
vt 0.375000 0.000000
vt 0.625000 0.000000
vt 0.625000 0.250000
vt 0.375000 0.250000
vt 0.625000 0.500000
vt 0.375000 0.500000
vt 0.625000 0.750000
vt 0.375000 0.750000
vt 0.625000 1.000000
vt 0.375000 1.000000
vt 0.125000 0.500000
vt 0.125000 0.750000
vt 0.875000 0.500000
vt 0.875000 0.750000
s 0
usemtl Material.002
f 49/85/37 51/88/37 52/87/37 50/86/37
f 51/88/38 55/90/38 56/89/38 52/87/38
f 55/90/39 53/92/39 54/91/39 56/89/39
f 53/92/40 49/94/40 50/93/40 54/91/40
f 51/95/41 49/96/41 53/92/41 55/90/41
f 56/89/42 54/91/42 50/98/42 52/97/42
o Cube.007
v -0.070629 0.439748 0.096291
v -0.070629 0.192300 0.096291
v -0.070629 0.439748 -0.061830
v -0.070629 0.192300 -0.061830
v -0.023929 0.439748 0.096291
v -0.023929 0.192300 0.096291
v -0.023929 0.439748 -0.061830
v -0.023929 0.192300 -0.061830
vn -1.0000 -0.0000 -0.0000
vn -0.0000 -0.0000 -1.0000
vn 1.0000 -0.0000 -0.0000
vn -0.0000 -0.0000 1.0000
vn -0.0000 1.0000 -0.0000
vn -0.0000 -1.0000 -0.0000
vt 0.375000 0.000000
vt 0.625000 0.000000
vt 0.625000 0.250000
vt 0.375000 0.250000
vt 0.625000 0.500000
vt 0.375000 0.500000
vt 0.625000 0.750000
vt 0.375000 0.750000
vt 0.625000 1.000000
vt 0.375000 1.000000
vt 0.125000 0.500000
vt 0.125000 0.750000
vt 0.875000 0.500000
vt 0.875000 0.750000
s 0
usemtl Material.002
f 57/99/43 59/102/43 60/101/43 58/100/43
f 59/102/44 63/104/44 64/103/44 60/101/44
f 63/104/45 61/106/45 62/105/45 64/103/45
f 61/106/46 57/108/46 58/107/46 62/105/46
f 59/109/47 57/110/47 61/106/47 63/104/47
f 64/103/48 62/105/48 58/112/48 60/111/48
o Cube.008
v 0.022492 0.439748 0.096291
v 0.022492 0.192300 0.096291
v 0.022492 0.439748 -0.061830
v 0.022492 0.192300 -0.061830
v 0.069193 0.439748 0.096291
v 0.069193 0.192300 0.096291
v 0.069193 0.439748 -0.061830
v 0.069193 0.192300 -0.061830
vn -1.0000 -0.0000 -0.0000
vn -0.0000 -0.0000 -1.0000
vn 1.0000 -0.0000 -0.0000
vn -0.0000 -0.0000 1.0000
vn -0.0000 1.0000 -0.0000
vn -0.0000 -1.0000 -0.0000
vt 0.375000 0.000000
vt 0.625000 0.000000
vt 0.625000 0.250000
vt 0.375000 0.250000
vt 0.625000 0.500000
vt 0.375000 0.500000
vt 0.625000 0.750000
vt 0.375000 0.750000
vt 0.625000 1.000000
vt 0.375000 1.000000
vt 0.125000 0.500000
vt 0.125000 0.750000
vt 0.875000 0.500000
vt 0.875000 0.750000
s 0
usemtl Material.002
f 65/113/49 67/116/49 68/115/49 66/114/49
f 67/116/50 71/118/50 72/117/50 68/115/50
f 71/118/51 69/120/51 70/119/51 72/117/51
f 69/120/52 65/122/52 66/121/52 70/119/52
f 67/123/53 65/124/53 69/120/53 71/118/53
f 72/117/54 70/119/54 66/126/54 68/125/54
o Cube.009
v 0.103458 0.439748 0.096291
v 0.103458 0.192300 0.096291
v 0.103458 0.439748 -0.061830
v 0.103458 0.192300 -0.061830
v 0.150158 0.439748 0.096291
v 0.150158 0.192300 0.096291
v 0.150158 0.439748 -0.061830
v 0.150158 0.192300 -0.061830
vn -1.0000 -0.0000 -0.0000
vn -0.0000 -0.0000 -1.0000
vn 1.0000 -0.0000 -0.0000
vn -0.0000 -0.0000 1.0000
vn -0.0000 1.0000 -0.0000
vn -0.0000 -1.0000 -0.0000
vt 0.375000 0.000000
vt 0.625000 0.000000
vt 0.625000 0.250000
vt 0.375000 0.250000
vt 0.625000 0.500000
vt 0.375000 0.500000
vt 0.625000 0.750000
vt 0.375000 0.750000
vt 0.625000 1.000000
vt 0.375000 1.000000
vt 0.125000 0.500000
vt 0.125000 0.750000
vt 0.875000 0.500000
vt 0.875000 0.750000
s 0
usemtl Material.002
f 73/127/55 75/130/55 76/129/55 74/128/55
f 75/130/56 79/132/56 80/131/56 76/129/56
f 79/132/57 77/134/57 78/133/57 80/131/57
f 77/134/58 73/136/58 74/135/58 78/133/58
f 75/137/59 73/138/59 77/134/59 79/132/59
f 80/131/60 78/133/60 74/140/60 76/139/60
o Cube.010
v 0.189282 0.439748 0.096291
v 0.189282 0.192300 0.096291
v 0.189282 0.439748 -0.061830
v 0.189282 0.192300 -0.061830
v 0.235983 0.439748 0.096291
v 0.235983 0.192300 0.096291
v 0.235983 0.439748 -0.061830
v 0.235983 0.192300 -0.061830
vn -1.0000 -0.0000 -0.0000
vn -0.0000 -0.0000 -1.0000
vn 1.0000 -0.0000 -0.0000
vn -0.0000 -0.0000 1.0000
vn -0.0000 1.0000 -0.0000
vn -0.0000 -1.0000 -0.0000
vt 0.375000 0.000000
vt 0.625000 0.000000
vt 0.625000 0.250000
vt 0.375000 0.250000
vt 0.625000 0.500000
vt 0.375000 0.500000
vt 0.625000 0.750000
vt 0.375000 0.750000
vt 0.625000 1.000000
vt 0.375000 1.000000
vt 0.125000 0.500000
vt 0.125000 0.750000
vt 0.875000 0.500000
vt 0.875000 0.750000
s 0
usemtl Material.002
f 81/141/61 83/144/61 84/143/61 82/142/61
f 83/144/62 87/146/62 88/145/62 84/143/62
f 87/146/63 85/148/63 86/147/63 88/145/63
f 85/148/64 81/150/64 82/149/64 86/147/64
f 83/151/65 81/152/65 85/148/65 87/146/65
f 88/145/66 86/147/66 82/154/66 84/153/66
o Cube.011
v 0.282403 0.439748 0.096291
v 0.282403 0.192300 0.096291
v 0.282403 0.439748 -0.061830
v 0.282403 0.192300 -0.061830
v 0.329104 0.439748 0.096291
v 0.329104 0.192300 0.096291
v 0.329104 0.439748 -0.061830
v 0.329104 0.192300 -0.061830
vn -1.0000 -0.0000 -0.0000
vn -0.0000 -0.0000 -1.0000
vn 1.0000 -0.0000 -0.0000
vn -0.0000 -0.0000 1.0000
vn -0.0000 1.0000 -0.0000
vn -0.0000 -1.0000 -0.0000
vt 0.375000 0.000000
vt 0.625000 0.000000
vt 0.625000 0.250000
vt 0.375000 0.250000
vt 0.625000 0.500000
vt 0.375000 0.500000
vt 0.625000 0.750000
vt 0.375000 0.750000
vt 0.625000 1.000000
vt 0.375000 1.000000
vt 0.125000 0.500000
vt 0.125000 0.750000
vt 0.875000 0.500000
vt 0.875000 0.750000
s 0
usemtl Material.002
f 89/155/67 91/158/67 92/157/67 90/156/67
f 91/158/68 95/160/68 96/159/68 92/157/68
f 95/160/69 93/162/69 94/161/69 96/159/69
f 93/162/70 89/164/70 90/163/70 94/161/70
f 91/165/71 89/166/71 93/162/71 95/160/71
f 96/159/72 94/161/72 90/168/72 92/167/72
o Cube.012
v 0.370457 0.439748 0.096291
v 0.370457 0.192300 0.096291
v 0.370457 0.439748 -0.061830
v 0.370457 0.192300 -0.061830
v 0.417157 0.439748 0.096291
v 0.417157 0.192300 0.096291
v 0.417157 0.439748 -0.061830
v 0.417157 0.192300 -0.061830
vn -1.0000 -0.0000 -0.0000
vn -0.0000 -0.0000 -1.0000
vn 1.0000 -0.0000 -0.0000
vn -0.0000 -0.0000 1.0000
vn -0.0000 1.0000 -0.0000
vn -0.0000 -1.0000 -0.0000
vt 0.375000 0.000000
vt 0.625000 0.000000
vt 0.625000 0.250000
vt 0.375000 0.250000
vt 0.625000 0.500000
vt 0.375000 0.500000
vt 0.625000 0.750000
vt 0.375000 0.750000
vt 0.625000 1.000000
vt 0.375000 1.000000
vt 0.125000 0.500000
vt 0.125000 0.750000
vt 0.875000 0.500000
vt 0.875000 0.750000
s 0
usemtl Material.002
f 97/169/73 99/172/73 100/171/73 98/170/73
f 99/172/74 103/174/74 104/173/74 100/171/74
f 103/174/75 101/176/75 102/175/75 104/173/75
f 101/176/76 97/178/76 98/177/76 102/175/76
f 99/179/77 97/180/77 101/176/77 103/174/77
f 104/173/78 102/175/78 98/182/78 100/181/78
o Cube.013
v 0.451422 0.439748 0.096291
v 0.451422 0.192300 0.096291
v 0.451422 0.439748 -0.061830
v 0.451422 0.192300 -0.061830
v 0.498123 0.439748 0.096291
v 0.498123 0.192300 0.096291
v 0.498123 0.439748 -0.061830
v 0.498123 0.192300 -0.061830
vn -1.0000 -0.0000 -0.0000
vn -0.0000 -0.0000 -1.0000
vn 1.0000 -0.0000 -0.0000
vn -0.0000 -0.0000 1.0000
vn -0.0000 1.0000 -0.0000
vn -0.0000 -1.0000 -0.0000
vt 0.375000 0.000000
vt 0.625000 0.000000
vt 0.625000 0.250000
vt 0.375000 0.250000
vt 0.625000 0.500000
vt 0.375000 0.500000
vt 0.625000 0.750000
vt 0.375000 0.750000
vt 0.625000 1.000000
vt 0.375000 1.000000
vt 0.125000 0.500000
vt 0.125000 0.750000
vt 0.875000 0.500000
vt 0.875000 0.750000
s 0
usemtl Material.002
f 105/183/79 107/186/79 108/185/79 106/184/79
f 107/186/80 111/188/80 112/187/80 108/185/80
f 111/188/81 109/190/81 110/189/81 112/187/81
f 109/190/82 105/192/82 106/191/82 110/189/82
f 107/193/83 105/194/83 109/190/83 111/188/83
f 112/187/84 110/189/84 106/196/84 108/195/84
o Cube.014
v 0.537247 0.439748 0.096291
v 0.537247 0.192300 0.096291
v 0.537247 0.439748 -0.061830
v 0.537247 0.192300 -0.061830
v 0.583948 0.439748 0.096291
v 0.583948 0.192300 0.096291
v 0.583948 0.439748 -0.061830
v 0.583948 0.192300 -0.061830
vn -1.0000 -0.0000 -0.0000
vn -0.0000 -0.0000 -1.0000
vn 1.0000 -0.0000 -0.0000
vn -0.0000 -0.0000 1.0000
vn -0.0000 1.0000 -0.0000
vn -0.0000 -1.0000 -0.0000
vt 0.375000 0.000000
vt 0.625000 0.000000
vt 0.625000 0.250000
vt 0.375000 0.250000
vt 0.625000 0.500000
vt 0.375000 0.500000
vt 0.625000 0.750000
vt 0.375000 0.750000
vt 0.625000 1.000000
vt 0.375000 1.000000
vt 0.125000 0.500000
vt 0.125000 0.750000
vt 0.875000 0.500000
vt 0.875000 0.750000
s 0
usemtl Material.002
f 113/197/85 115/200/85 116/199/85 114/198/85
f 115/200/86 119/202/86 120/201/86 116/199/86
f 119/202/87 117/204/87 118/203/87 120/201/87
f 117/204/88 113/206/88 114/205/88 118/203/88
f 115/207/89 113/208/89 117/204/89 119/202/89
f 120/201/90 118/203/90 114/210/90 116/209/90
o Cube.015
v 0.630368 0.439748 0.096291
v 0.630368 0.192300 0.096291
v 0.630368 0.439748 -0.061830
v 0.630368 0.192300 -0.061830
v 0.677069 0.439748 0.096291
v 0.677069 0.192300 0.096291
v 0.677069 0.439748 -0.061830
v 0.677069 0.192300 -0.061830
vn -1.0000 -0.0000 -0.0000
vn -0.0000 -0.0000 -1.0000
vn 1.0000 -0.0000 -0.0000
vn -0.0000 -0.0000 1.0000
vn -0.0000 1.0000 -0.0000
vn -0.0000 -1.0000 -0.0000
vt 0.375000 0.000000
vt 0.625000 0.000000
vt 0.625000 0.250000
vt 0.375000 0.250000
vt 0.625000 0.500000
vt 0.375000 0.500000
vt 0.625000 0.750000
vt 0.375000 0.750000
vt 0.625000 1.000000
vt 0.375000 1.000000
vt 0.125000 0.500000
vt 0.125000 0.750000
vt 0.875000 0.500000
vt 0.875000 0.750000
s 0
usemtl Material.002
f 121/211/91 123/214/91 124/213/91 122/212/91
f 123/214/92 127/216/92 128/215/92 124/213/92
f 127/216/93 125/218/93 126/217/93 128/215/93
f 125/218/94 121/220/94 122/219/94 126/217/94
f 123/221/95 121/222/95 125/218/95 127/216/95
f 128/215/96 126/217/96 122/224/96 124/223/96
o Cube.016
v -0.688826 0.753218 0.096291
v -0.688826 0.505771 0.096291
v -0.688826 0.753218 -0.061830
v -0.688826 0.505771 -0.061830
v -0.642125 0.753218 0.096291
v -0.642125 0.505771 0.096291
v -0.642125 0.753218 -0.061830
v -0.642125 0.505771 -0.061830
vn -1.0000 -0.0000 -0.0000
vn -0.0000 -0.0000 -1.0000
vn 1.0000 -0.0000 -0.0000
vn -0.0000 -0.0000 1.0000
vn -0.0000 1.0000 -0.0000
vn -0.0000 -1.0000 -0.0000
vt 0.375000 0.000000
vt 0.625000 0.000000
vt 0.625000 0.250000
vt 0.375000 0.250000
vt 0.625000 0.500000
vt 0.375000 0.500000
vt 0.625000 0.750000
vt 0.375000 0.750000
vt 0.625000 1.000000
vt 0.375000 1.000000
vt 0.125000 0.500000
vt 0.125000 0.750000
vt 0.875000 0.500000
vt 0.875000 0.750000
s 0
usemtl Material.002
f 129/225/97 131/228/97 132/227/97 130/226/97
f 131/228/98 135/230/98 136/229/98 132/227/98
f 135/230/99 133/232/99 134/231/99 136/229/99
f 133/232/100 129/234/100 130/233/100 134/231/100
f 131/235/101 129/236/101 133/232/101 135/230/101
f 136/229/102 134/231/102 130/238/102 132/237/102
o Cube.017
v -0.603001 0.753218 0.096291
v -0.603001 0.505771 0.096291
v -0.603001 0.753218 -0.061830
v -0.603001 0.505771 -0.061830
v -0.556301 0.753218 0.096291
v -0.556301 0.505771 0.096291
v -0.556301 0.753218 -0.061830
v -0.556301 0.505771 -0.061830
vn -1.0000 -0.0000 -0.0000
vn -0.0000 -0.0000 -1.0000
vn 1.0000 -0.0000 -0.0000
vn -0.0000 -0.0000 1.0000
vn -0.0000 1.0000 -0.0000
vn -0.0000 -1.0000 -0.0000
vt 0.375000 0.000000
vt 0.625000 0.000000
vt 0.625000 0.250000
vt 0.375000 0.250000
vt 0.625000 0.500000
vt 0.375000 0.500000
vt 0.625000 0.750000
vt 0.375000 0.750000
vt 0.625000 1.000000
vt 0.375000 1.000000
vt 0.125000 0.500000
vt 0.125000 0.750000
vt 0.875000 0.500000
vt 0.875000 0.750000
s 0
usemtl Material.002
f 137/239/103 139/242/103 140/241/103 138/240/103
f 139/242/104 143/244/104 144/243/104 140/241/104
f 143/244/105 141/246/105 142/245/105 144/243/105
f 141/246/106 137/248/106 138/247/106 142/245/106
f 139/249/107 137/250/107 141/246/107 143/244/107
f 144/243/108 142/245/108 138/252/108 140/251/108
o Cube.018
v -0.509880 0.753218 0.096291
v -0.509880 0.505771 0.096291
v -0.509880 0.753218 -0.061830
v -0.509880 0.505771 -0.061830
v -0.463179 0.753218 0.096291
v -0.463179 0.505771 0.096291
v -0.463179 0.753218 -0.061830
v -0.463179 0.505771 -0.061830
vn -1.0000 -0.0000 -0.0000
vn -0.0000 -0.0000 -1.0000
vn 1.0000 -0.0000 -0.0000
vn -0.0000 -0.0000 1.0000
vn -0.0000 1.0000 -0.0000
vn -0.0000 -1.0000 -0.0000
vt 0.375000 0.000000
vt 0.625000 0.000000
vt 0.625000 0.250000
vt 0.375000 0.250000
vt 0.625000 0.500000
vt 0.375000 0.500000
vt 0.625000 0.750000
vt 0.375000 0.750000
vt 0.625000 1.000000
vt 0.375000 1.000000
vt 0.125000 0.500000
vt 0.125000 0.750000
vt 0.875000 0.500000
vt 0.875000 0.750000
s 0
usemtl Material.002
f 145/253/109 147/256/109 148/255/109 146/254/109
f 147/256/110 151/258/110 152/257/110 148/255/110
f 151/258/111 149/260/111 150/259/111 152/257/111
f 149/260/112 145/262/112 146/261/112 150/259/112
f 147/263/113 145/264/113 149/260/113 151/258/113
f 152/257/114 150/259/114 146/266/114 148/265/114
o Cube.019
v -0.428914 0.753218 0.096291
v -0.428914 0.505771 0.096291
v -0.428914 0.753218 -0.061830
v -0.428914 0.505771 -0.061830
v -0.382214 0.753218 0.096291
v -0.382214 0.505771 0.096291
v -0.382214 0.753218 -0.061830
v -0.382214 0.505771 -0.061830
vn -1.0000 -0.0000 -0.0000
vn -0.0000 -0.0000 -1.0000
vn 1.0000 -0.0000 -0.0000
vn -0.0000 -0.0000 1.0000
vn -0.0000 1.0000 -0.0000
vn -0.0000 -1.0000 -0.0000
vt 0.375000 0.000000
vt 0.625000 0.000000
vt 0.625000 0.250000
vt 0.375000 0.250000
vt 0.625000 0.500000
vt 0.375000 0.500000
vt 0.625000 0.750000
vt 0.375000 0.750000
vt 0.625000 1.000000
vt 0.375000 1.000000
vt 0.125000 0.500000
vt 0.125000 0.750000
vt 0.875000 0.500000
vt 0.875000 0.750000
s 0
usemtl Material.002
f 153/267/115 155/270/115 156/269/115 154/268/115
f 155/270/116 159/272/116 160/271/116 156/269/116
f 159/272/117 157/274/117 158/273/117 160/271/117
f 157/274/118 153/276/118 154/275/118 158/273/118
f 155/277/119 153/278/119 157/274/119 159/272/119
f 160/271/120 158/273/120 154/280/120 156/279/120
o Cube.020
v -0.343090 0.753218 0.096291
v -0.343090 0.505771 0.096291
v -0.343090 0.753218 -0.061830
v -0.343090 0.505771 -0.061830
v -0.296389 0.753218 0.096291
v -0.296389 0.505771 0.096291
v -0.296389 0.753218 -0.061830
v -0.296389 0.505771 -0.061830
vn -1.0000 -0.0000 -0.0000
vn -0.0000 -0.0000 -1.0000
vn 1.0000 -0.0000 -0.0000
vn -0.0000 -0.0000 1.0000
vn -0.0000 1.0000 -0.0000
vn -0.0000 -1.0000 -0.0000
vt 0.375000 0.000000
vt 0.625000 0.000000
vt 0.625000 0.250000
vt 0.375000 0.250000
vt 0.625000 0.500000
vt 0.375000 0.500000
vt 0.625000 0.750000
vt 0.375000 0.750000
vt 0.625000 1.000000
vt 0.375000 1.000000
vt 0.125000 0.500000
vt 0.125000 0.750000
vt 0.875000 0.500000
vt 0.875000 0.750000
s 0
usemtl Material.002
f 161/281/121 163/284/121 164/283/121 162/282/121
f 163/284/122 167/286/122 168/285/122 164/283/122
f 167/286/123 165/288/123 166/287/123 168/285/123
f 165/288/124 161/290/124 162/289/124 166/287/124
f 163/291/125 161/292/125 165/288/125 167/286/125
f 168/285/126 166/287/126 162/294/126 164/293/126
o Cube.021
v -0.249969 0.753218 0.096291
v -0.249969 0.505771 0.096291
v -0.249969 0.753218 -0.061830
v -0.249969 0.505771 -0.061830
v -0.203268 0.753218 0.096291
v -0.203268 0.505771 0.096291
v -0.203268 0.753218 -0.061830
v -0.203268 0.505771 -0.061830
vn -1.0000 -0.0000 -0.0000
vn -0.0000 -0.0000 -1.0000
vn 1.0000 -0.0000 -0.0000
vn -0.0000 -0.0000 1.0000
vn -0.0000 1.0000 -0.0000
vn -0.0000 -1.0000 -0.0000
vt 0.375000 0.000000
vt 0.625000 0.000000
vt 0.625000 0.250000
vt 0.375000 0.250000
vt 0.625000 0.500000
vt 0.375000 0.500000
vt 0.625000 0.750000
vt 0.375000 0.750000
vt 0.625000 1.000000
vt 0.375000 1.000000
vt 0.125000 0.500000
vt 0.125000 0.750000
vt 0.875000 0.500000
vt 0.875000 0.750000
s 0
usemtl Material.002
f 169/295/127 171/298/127 172/297/127 170/296/127
f 171/298/128 175/300/128 176/299/128 172/297/128
f 175/300/129 173/302/129 174/301/129 176/299/129
f 173/302/130 169/304/130 170/303/130 174/301/130
f 171/305/131 169/306/131 173/302/131 175/300/131
f 176/299/132 174/301/132 170/308/132 172/307/132
o Cube.022
v -0.156454 0.753218 0.096291
v -0.156454 0.505771 0.096291
v -0.156454 0.753218 -0.061830
v -0.156454 0.505771 -0.061830
v -0.109753 0.753218 0.096291
v -0.109753 0.505771 0.096291
v -0.109753 0.753218 -0.061830
v -0.109753 0.505771 -0.061830
vn -1.0000 -0.0000 -0.0000
vn -0.0000 -0.0000 -1.0000
vn 1.0000 -0.0000 -0.0000
vn -0.0000 -0.0000 1.0000
vn -0.0000 1.0000 -0.0000
vn -0.0000 -1.0000 -0.0000
vt 0.375000 0.000000
vt 0.625000 0.000000
vt 0.625000 0.250000
vt 0.375000 0.250000
vt 0.625000 0.500000
vt 0.375000 0.500000
vt 0.625000 0.750000
vt 0.375000 0.750000
vt 0.625000 1.000000
vt 0.375000 1.000000
vt 0.125000 0.500000
vt 0.125000 0.750000
vt 0.875000 0.500000
vt 0.875000 0.750000
s 0
usemtl Material.002
f 177/309/133 179/312/133 180/311/133 178/310/133
f 179/312/134 183/314/134 184/313/134 180/311/134
f 183/314/135 181/316/135 182/315/135 184/313/135
f 181/316/136 177/318/136 178/317/136 182/315/136
f 179/319/137 177/320/137 181/316/137 183/314/137
f 184/313/138 182/315/138 178/322/138 180/321/138
o Cube.023
v -0.070629 0.753218 0.096291
v -0.070629 0.505771 0.096291
v -0.070629 0.753218 -0.061830
v -0.070629 0.505771 -0.061830
v -0.023929 0.753218 0.096291
v -0.023929 0.505771 0.096291
v -0.023929 0.753218 -0.061830
v -0.023929 0.505771 -0.061830
vn -1.0000 -0.0000 -0.0000
vn -0.0000 -0.0000 -1.0000
vn 1.0000 -0.0000 -0.0000
vn -0.0000 -0.0000 1.0000
vn -0.0000 1.0000 -0.0000
vn -0.0000 -1.0000 -0.0000
vt 0.375000 0.000000
vt 0.625000 0.000000
vt 0.625000 0.250000
vt 0.375000 0.250000
vt 0.625000 0.500000
vt 0.375000 0.500000
vt 0.625000 0.750000
vt 0.375000 0.750000
vt 0.625000 1.000000
vt 0.375000 1.000000
vt 0.125000 0.500000
vt 0.125000 0.750000
vt 0.875000 0.500000
vt 0.875000 0.750000
s 0
usemtl Material.002
f 185/323/139 187/326/139 188/325/139 186/324/139
f 187/326/140 191/328/140 192/327/140 188/325/140
f 191/328/141 189/330/141 190/329/141 192/327/141
f 189/330/142 185/332/142 186/331/142 190/329/142
f 187/333/143 185/334/143 189/330/143 191/328/143
f 192/327/144 190/329/144 186/336/144 188/335/144
o Cube.024
v 0.022492 0.753218 0.096291
v 0.022492 0.505771 0.096291
v 0.022492 0.753218 -0.061830
v 0.022492 0.505771 -0.061830
v 0.069193 0.753218 0.096291
v 0.069193 0.505771 0.096291
v 0.069193 0.753218 -0.061830
v 0.069193 0.505771 -0.061830
vn -1.0000 -0.0000 -0.0000
vn -0.0000 -0.0000 -1.0000
vn 1.0000 -0.0000 -0.0000
vn -0.0000 -0.0000 1.0000
vn -0.0000 1.0000 -0.0000
vn -0.0000 -1.0000 -0.0000
vt 0.375000 0.000000
vt 0.625000 0.000000
vt 0.625000 0.250000
vt 0.375000 0.250000
vt 0.625000 0.500000
vt 0.375000 0.500000
vt 0.625000 0.750000
vt 0.375000 0.750000
vt 0.625000 1.000000
vt 0.375000 1.000000
vt 0.125000 0.500000
vt 0.125000 0.750000
vt 0.875000 0.500000
vt 0.875000 0.750000
s 0
usemtl Material.002
f 193/337/145 195/340/145 196/339/145 194/338/145
f 195/340/146 199/342/146 200/341/146 196/339/146
f 199/342/147 197/344/147 198/343/147 200/341/147
f 197/344/148 193/346/148 194/345/148 198/343/148
f 195/347/149 193/348/149 197/344/149 199/342/149
f 200/341/150 198/343/150 194/350/150 196/349/150
o Cube.025
v 0.103458 0.753218 0.096291
v 0.103458 0.505771 0.096291
v 0.103458 0.753218 -0.061830
v 0.103458 0.505771 -0.061830
v 0.150158 0.753218 0.096291
v 0.150158 0.505771 0.096291
v 0.150158 0.753218 -0.061830
v 0.150158 0.505771 -0.061830
vn -1.0000 -0.0000 -0.0000
vn -0.0000 -0.0000 -1.0000
vn 1.0000 -0.0000 -0.0000
vn -0.0000 -0.0000 1.0000
vn -0.0000 1.0000 -0.0000
vn -0.0000 -1.0000 -0.0000
vt 0.375000 0.000000
vt 0.625000 0.000000
vt 0.625000 0.250000
vt 0.375000 0.250000
vt 0.625000 0.500000
vt 0.375000 0.500000
vt 0.625000 0.750000
vt 0.375000 0.750000
vt 0.625000 1.000000
vt 0.375000 1.000000
vt 0.125000 0.500000
vt 0.125000 0.750000
vt 0.875000 0.500000
vt 0.875000 0.750000
s 0
usemtl Material.002
f 201/351/151 203/354/151 204/353/151 202/352/151
f 203/354/152 207/356/152 208/355/152 204/353/152
f 207/356/153 205/358/153 206/357/153 208/355/153
f 205/358/154 201/360/154 202/359/154 206/357/154
f 203/361/155 201/362/155 205/358/155 207/356/155
f 208/355/156 206/357/156 202/364/156 204/363/156
o Cube.026
v 0.189282 0.753218 0.096291
v 0.189282 0.505771 0.096291
v 0.189282 0.753218 -0.061830
v 0.189282 0.505771 -0.061830
v 0.235983 0.753218 0.096291
v 0.235983 0.505771 0.096291
v 0.235983 0.753218 -0.061830
v 0.235983 0.505771 -0.061830
vn -1.0000 -0.0000 -0.0000
vn -0.0000 -0.0000 -1.0000
vn 1.0000 -0.0000 -0.0000
vn -0.0000 -0.0000 1.0000
vn -0.0000 1.0000 -0.0000
vn -0.0000 -1.0000 -0.0000
vt 0.375000 0.000000
vt 0.625000 0.000000
vt 0.625000 0.250000
vt 0.375000 0.250000
vt 0.625000 0.500000
vt 0.375000 0.500000
vt 0.625000 0.750000
vt 0.375000 0.750000
vt 0.625000 1.000000
vt 0.375000 1.000000
vt 0.125000 0.500000
vt 0.125000 0.750000
vt 0.875000 0.500000
vt 0.875000 0.750000
s 0
usemtl Material.002
f 209/365/157 211/368/157 212/367/157 210/366/157
f 211/368/158 215/370/158 216/369/158 212/367/158
f 215/370/159 213/372/159 214/371/159 216/369/159
f 213/372/160 209/374/160 210/373/160 214/371/160
f 211/375/161 209/376/161 213/372/161 215/370/161
f 216/369/162 214/371/162 210/378/162 212/377/162
o Cube.027
v 0.282403 0.753218 0.096291
v 0.282403 0.505771 0.096291
v 0.282403 0.753218 -0.061830
v 0.282403 0.505771 -0.061830
v 0.329104 0.753218 0.096291
v 0.329104 0.505771 0.096291
v 0.329104 0.753218 -0.061830
v 0.329104 0.505771 -0.061830
vn -1.0000 -0.0000 -0.0000
vn -0.0000 -0.0000 -1.0000
vn 1.0000 -0.0000 -0.0000
vn -0.0000 -0.0000 1.0000
vn -0.0000 1.0000 -0.0000
vn -0.0000 -1.0000 -0.0000
vt 0.375000 0.000000
vt 0.625000 0.000000
vt 0.625000 0.250000
vt 0.375000 0.250000
vt 0.625000 0.500000
vt 0.375000 0.500000
vt 0.625000 0.750000
vt 0.375000 0.750000
vt 0.625000 1.000000
vt 0.375000 1.000000
vt 0.125000 0.500000
vt 0.125000 0.750000
vt 0.875000 0.500000
vt 0.875000 0.750000
s 0
usemtl Material.002
f 217/379/163 219/382/163 220/381/163 218/380/163
f 219/382/164 223/384/164 224/383/164 220/381/164
f 223/384/165 221/386/165 222/385/165 224/383/165
f 221/386/166 217/388/166 218/387/166 222/385/166
f 219/389/167 217/390/167 221/386/167 223/384/167
f 224/383/168 222/385/168 218/392/168 220/391/168
o Cube.028
v 0.370457 0.753218 0.096291
v 0.370457 0.505771 0.096291
v 0.370457 0.753218 -0.061830
v 0.370457 0.505771 -0.061830
v 0.417157 0.753218 0.096291
v 0.417157 0.505771 0.096291
v 0.417157 0.753218 -0.061830
v 0.417157 0.505771 -0.061830
vn -1.0000 -0.0000 -0.0000
vn -0.0000 -0.0000 -1.0000
vn 1.0000 -0.0000 -0.0000
vn -0.0000 -0.0000 1.0000
vn -0.0000 1.0000 -0.0000
vn -0.0000 -1.0000 -0.0000
vt 0.375000 0.000000
vt 0.625000 0.000000
vt 0.625000 0.250000
vt 0.375000 0.250000
vt 0.625000 0.500000
vt 0.375000 0.500000
vt 0.625000 0.750000
vt 0.375000 0.750000
vt 0.625000 1.000000
vt 0.375000 1.000000
vt 0.125000 0.500000
vt 0.125000 0.750000
vt 0.875000 0.500000
vt 0.875000 0.750000
s 0
usemtl Material.002
f 225/393/169 227/396/169 228/395/169 226/394/169
f 227/396/170 231/398/170 232/397/170 228/395/170
f 231/398/171 229/400/171 230/399/171 232/397/171
f 229/400/172 225/402/172 226/401/172 230/399/172
f 227/403/173 225/404/173 229/400/173 231/398/173
f 232/397/174 230/399/174 226/406/174 228/405/174
o Cube.029
v 0.451422 0.753218 0.096291
v 0.451422 0.505771 0.096291
v 0.451422 0.753218 -0.061830
v 0.451422 0.505771 -0.061830
v 0.498123 0.753218 0.096291
v 0.498123 0.505771 0.096291
v 0.498123 0.753218 -0.061830
v 0.498123 0.505771 -0.061830
vn -1.0000 -0.0000 -0.0000
vn -0.0000 -0.0000 -1.0000
vn 1.0000 -0.0000 -0.0000
vn -0.0000 -0.0000 1.0000
vn -0.0000 1.0000 -0.0000
vn -0.0000 -1.0000 -0.0000
vt 0.375000 0.000000
vt 0.625000 0.000000
vt 0.625000 0.250000
vt 0.375000 0.250000
vt 0.625000 0.500000
vt 0.375000 0.500000
vt 0.625000 0.750000
vt 0.375000 0.750000
vt 0.625000 1.000000
vt 0.375000 1.000000
vt 0.125000 0.500000
vt 0.125000 0.750000
vt 0.875000 0.500000
vt 0.875000 0.750000
s 0
usemtl Material.002
f 233/407/175 235/410/175 236/409/175 234/408/175
f 235/410/176 239/412/176 240/411/176 236/409/176
f 239/412/177 237/414/177 238/413/177 240/411/177
f 237/414/178 233/416/178 234/415/178 238/413/178
f 235/417/179 233/418/179 237/414/179 239/412/179
f 240/411/180 238/413/180 234/420/180 236/419/180
o Cube.030
v 0.537247 0.753218 0.096291
v 0.537247 0.505771 0.096291
v 0.537247 0.753218 -0.061830
v 0.537247 0.505771 -0.061830
v 0.583948 0.753218 0.096291
v 0.583948 0.505771 0.096291
v 0.583948 0.753218 -0.061830
v 0.583948 0.505771 -0.061830
vn -1.0000 -0.0000 -0.0000
vn -0.0000 -0.0000 -1.0000
vn 1.0000 -0.0000 -0.0000
vn -0.0000 -0.0000 1.0000
vn -0.0000 1.0000 -0.0000
vn -0.0000 -1.0000 -0.0000
vt 0.375000 0.000000
vt 0.625000 0.000000
vt 0.625000 0.250000
vt 0.375000 0.250000
vt 0.625000 0.500000
vt 0.375000 0.500000
vt 0.625000 0.750000
vt 0.375000 0.750000
vt 0.625000 1.000000
vt 0.375000 1.000000
vt 0.125000 0.500000
vt 0.125000 0.750000
vt 0.875000 0.500000
vt 0.875000 0.750000
s 0
usemtl Material.002
f 241/421/181 243/424/181 244/423/181 242/422/181
f 243/424/182 247/426/182 248/425/182 244/423/182
f 247/426/183 245/428/183 246/427/183 248/425/183
f 245/428/184 241/430/184 242/429/184 246/427/184
f 243/431/185 241/432/185 245/428/185 247/426/185
f 248/425/186 246/427/186 242/434/186 244/433/186
o Cube.031
v 0.630368 0.753218 0.096291
v 0.630368 0.505771 0.096291
v 0.630368 0.753218 -0.061830
v 0.630368 0.505771 -0.061830
v 0.677069 0.753218 0.096291
v 0.677069 0.505771 0.096291
v 0.677069 0.753218 -0.061830
v 0.677069 0.505771 -0.061830
vn -1.0000 -0.0000 -0.0000
vn -0.0000 -0.0000 -1.0000
vn 1.0000 -0.0000 -0.0000
vn -0.0000 -0.0000 1.0000
vn -0.0000 1.0000 -0.0000
vn -0.0000 -1.0000 -0.0000
vt 0.375000 0.000000
vt 0.625000 0.000000
vt 0.625000 0.250000
vt 0.375000 0.250000
vt 0.625000 0.500000
vt 0.375000 0.500000
vt 0.625000 0.750000
vt 0.375000 0.750000
vt 0.625000 1.000000
vt 0.375000 1.000000
vt 0.125000 0.500000
vt 0.125000 0.750000
vt 0.875000 0.500000
vt 0.875000 0.750000
s 0
usemtl Material.002
f 249/435/187 251/438/187 252/437/187 250/436/187
f 251/438/188 255/440/188 256/439/188 252/437/188
f 255/440/189 253/442/189 254/441/189 256/439/189
f 253/442/190 249/444/190 250/443/190 254/441/190
f 251/445/191 249/446/191 253/442/191 255/440/191
f 256/439/192 254/441/192 250/448/192 252/447/192
o Cube.032
v -0.688826 1.055071 0.096291
v -0.688826 0.807624 0.096291
v -0.688826 1.055071 -0.061830
v -0.688826 0.807624 -0.061830
v -0.642125 1.055071 0.096291
v -0.642125 0.807624 0.096291
v -0.642125 1.055071 -0.061830
v -0.642125 0.807624 -0.061830
vn -1.0000 -0.0000 -0.0000
vn -0.0000 -0.0000 -1.0000
vn 1.0000 -0.0000 -0.0000
vn -0.0000 -0.0000 1.0000
vn -0.0000 1.0000 -0.0000
vn -0.0000 -1.0000 -0.0000
vt 0.375000 0.000000
vt 0.625000 0.000000
vt 0.625000 0.250000
vt 0.375000 0.250000
vt 0.625000 0.500000
vt 0.375000 0.500000
vt 0.625000 0.750000
vt 0.375000 0.750000
vt 0.625000 1.000000
vt 0.375000 1.000000
vt 0.125000 0.500000
vt 0.125000 0.750000
vt 0.875000 0.500000
vt 0.875000 0.750000
s 0
usemtl Material.002
f 257/449/193 259/452/193 260/451/193 258/450/193
f 259/452/194 263/454/194 264/453/194 260/451/194
f 263/454/195 261/456/195 262/455/195 264/453/195
f 261/456/196 257/458/196 258/457/196 262/455/196
f 259/459/197 257/460/197 261/456/197 263/454/197
f 264/453/198 262/455/198 258/462/198 260/461/198
o Cube.033
v -0.603001 1.055071 0.096291
v -0.603001 0.807624 0.096291
v -0.603001 1.055071 -0.061830
v -0.603001 0.807624 -0.061830
v -0.556301 1.055071 0.096291
v -0.556301 0.807624 0.096291
v -0.556301 1.055071 -0.061830
v -0.556301 0.807624 -0.061830
vn -1.0000 -0.0000 -0.0000
vn -0.0000 -0.0000 -1.0000
vn 1.0000 -0.0000 -0.0000
vn -0.0000 -0.0000 1.0000
vn -0.0000 1.0000 -0.0000
vn -0.0000 -1.0000 -0.0000
vt 0.375000 0.000000
vt 0.625000 0.000000
vt 0.625000 0.250000
vt 0.375000 0.250000
vt 0.625000 0.500000
vt 0.375000 0.500000
vt 0.625000 0.750000
vt 0.375000 0.750000
vt 0.625000 1.000000
vt 0.375000 1.000000
vt 0.125000 0.500000
vt 0.125000 0.750000
vt 0.875000 0.500000
vt 0.875000 0.750000
s 0
usemtl Material.002
f 265/463/199 267/466/199 268/465/199 266/464/199
f 267/466/200 271/468/200 272/467/200 268/465/200
f 271/468/201 269/470/201 270/469/201 272/467/201
f 269/470/202 265/472/202 266/471/202 270/469/202
f 267/473/203 265/474/203 269/470/203 271/468/203
f 272/467/204 270/469/204 266/476/204 268/475/204
o Cube.034
v -0.509880 1.055071 0.096291
v -0.509880 0.807624 0.096291
v -0.509880 1.055071 -0.061830
v -0.509880 0.807624 -0.061830
v -0.463179 1.055071 0.096291
v -0.463179 0.807624 0.096291
v -0.463179 1.055071 -0.061830
v -0.463179 0.807624 -0.061830
vn -1.0000 -0.0000 -0.0000
vn -0.0000 -0.0000 -1.0000
vn 1.0000 -0.0000 -0.0000
vn -0.0000 -0.0000 1.0000
vn -0.0000 1.0000 -0.0000
vn -0.0000 -1.0000 -0.0000
vt 0.375000 0.000000
vt 0.625000 0.000000
vt 0.625000 0.250000
vt 0.375000 0.250000
vt 0.625000 0.500000
vt 0.375000 0.500000
vt 0.625000 0.750000
vt 0.375000 0.750000
vt 0.625000 1.000000
vt 0.375000 1.000000
vt 0.125000 0.500000
vt 0.125000 0.750000
vt 0.875000 0.500000
vt 0.875000 0.750000
s 0
usemtl Material.002
f 273/477/205 275/480/205 276/479/205 274/478/205
f 275/480/206 279/482/206 280/481/206 276/479/206
f 279/482/207 277/484/207 278/483/207 280/481/207
f 277/484/208 273/486/208 274/485/208 278/483/208
f 275/487/209 273/488/209 277/484/209 279/482/209
f 280/481/210 278/483/210 274/490/210 276/489/210
o Cube.035
v -0.428914 1.055071 0.096291
v -0.428914 0.807624 0.096291
v -0.428914 1.055071 -0.061830
v -0.428914 0.807624 -0.061830
v -0.382214 1.055071 0.096291
v -0.382214 0.807624 0.096291
v -0.382214 1.055071 -0.061830
v -0.382214 0.807624 -0.061830
vn -1.0000 -0.0000 -0.0000
vn -0.0000 -0.0000 -1.0000
vn 1.0000 -0.0000 -0.0000
vn -0.0000 -0.0000 1.0000
vn -0.0000 1.0000 -0.0000
vn -0.0000 -1.0000 -0.0000
vt 0.375000 0.000000
vt 0.625000 0.000000
vt 0.625000 0.250000
vt 0.375000 0.250000
vt 0.625000 0.500000
vt 0.375000 0.500000
vt 0.625000 0.750000
vt 0.375000 0.750000
vt 0.625000 1.000000
vt 0.375000 1.000000
vt 0.125000 0.500000
vt 0.125000 0.750000
vt 0.875000 0.500000
vt 0.875000 0.750000
s 0
usemtl Material.002
f 281/491/211 283/494/211 284/493/211 282/492/211
f 283/494/212 287/496/212 288/495/212 284/493/212
f 287/496/213 285/498/213 286/497/213 288/495/213
f 285/498/214 281/500/214 282/499/214 286/497/214
f 283/501/215 281/502/215 285/498/215 287/496/215
f 288/495/216 286/497/216 282/504/216 284/503/216
o Cube.036
v -0.343090 1.055071 0.096291
v -0.343090 0.807624 0.096291
v -0.343090 1.055071 -0.061830
v -0.343090 0.807624 -0.061830
v -0.296389 1.055071 0.096291
v -0.296389 0.807624 0.096291
v -0.296389 1.055071 -0.061830
v -0.296389 0.807624 -0.061830
vn -1.0000 -0.0000 -0.0000
vn -0.0000 -0.0000 -1.0000
vn 1.0000 -0.0000 -0.0000
vn -0.0000 -0.0000 1.0000
vn -0.0000 1.0000 -0.0000
vn -0.0000 -1.0000 -0.0000
vt 0.375000 0.000000
vt 0.625000 0.000000
vt 0.625000 0.250000
vt 0.375000 0.250000
vt 0.625000 0.500000
vt 0.375000 0.500000
vt 0.625000 0.750000
vt 0.375000 0.750000
vt 0.625000 1.000000
vt 0.375000 1.000000
vt 0.125000 0.500000
vt 0.125000 0.750000
vt 0.875000 0.500000
vt 0.875000 0.750000
s 0
usemtl Material.002
f 289/505/217 291/508/217 292/507/217 290/506/217
f 291/508/218 295/510/218 296/509/218 292/507/218
f 295/510/219 293/512/219 294/511/219 296/509/219
f 293/512/220 289/514/220 290/513/220 294/511/220
f 291/515/221 289/516/221 293/512/221 295/510/221
f 296/509/222 294/511/222 290/518/222 292/517/222
o Cube.037
v -0.249969 1.055071 0.096291
v -0.249969 0.807624 0.096291
v -0.249969 1.055071 -0.061830
v -0.249969 0.807624 -0.061830
v -0.203268 1.055071 0.096291
v -0.203268 0.807624 0.096291
v -0.203268 1.055071 -0.061830
v -0.203268 0.807624 -0.061830
vn -1.0000 -0.0000 -0.0000
vn -0.0000 -0.0000 -1.0000
vn 1.0000 -0.0000 -0.0000
vn -0.0000 -0.0000 1.0000
vn -0.0000 1.0000 -0.0000
vn -0.0000 -1.0000 -0.0000
vt 0.375000 0.000000
vt 0.625000 0.000000
vt 0.625000 0.250000
vt 0.375000 0.250000
vt 0.625000 0.500000
vt 0.375000 0.500000
vt 0.625000 0.750000
vt 0.375000 0.750000
vt 0.625000 1.000000
vt 0.375000 1.000000
vt 0.125000 0.500000
vt 0.125000 0.750000
vt 0.875000 0.500000
vt 0.875000 0.750000
s 0
usemtl Material.002
f 297/519/223 299/522/223 300/521/223 298/520/223
f 299/522/224 303/524/224 304/523/224 300/521/224
f 303/524/225 301/526/225 302/525/225 304/523/225
f 301/526/226 297/528/226 298/527/226 302/525/226
f 299/529/227 297/530/227 301/526/227 303/524/227
f 304/523/228 302/525/228 298/532/228 300/531/228
o Cube.038
v -0.156454 1.055071 0.096291
v -0.156454 0.807624 0.096291
v -0.156454 1.055071 -0.061830
v -0.156454 0.807624 -0.061830
v -0.109753 1.055071 0.096291
v -0.109753 0.807624 0.096291
v -0.109753 1.055071 -0.061830
v -0.109753 0.807624 -0.061830
vn -1.0000 -0.0000 -0.0000
vn -0.0000 -0.0000 -1.0000
vn 1.0000 -0.0000 -0.0000
vn -0.0000 -0.0000 1.0000
vn -0.0000 1.0000 -0.0000
vn -0.0000 -1.0000 -0.0000
vt 0.375000 0.000000
vt 0.625000 0.000000
vt 0.625000 0.250000
vt 0.375000 0.250000
vt 0.625000 0.500000
vt 0.375000 0.500000
vt 0.625000 0.750000
vt 0.375000 0.750000
vt 0.625000 1.000000
vt 0.375000 1.000000
vt 0.125000 0.500000
vt 0.125000 0.750000
vt 0.875000 0.500000
vt 0.875000 0.750000
s 0
usemtl Material.002
f 305/533/229 307/536/229 308/535/229 306/534/229
f 307/536/230 311/538/230 312/537/230 308/535/230
f 311/538/231 309/540/231 310/539/231 312/537/231
f 309/540/232 305/542/232 306/541/232 310/539/232
f 307/543/233 305/544/233 309/540/233 311/538/233
f 312/537/234 310/539/234 306/546/234 308/545/234
o Cube.039
v -0.070629 1.055071 0.096291
v -0.070629 0.807624 0.096291
v -0.070629 1.055071 -0.061830
v -0.070629 0.807624 -0.061830
v -0.023929 1.055071 0.096291
v -0.023929 0.807624 0.096291
v -0.023929 1.055071 -0.061830
v -0.023929 0.807624 -0.061830
vn -1.0000 -0.0000 -0.0000
vn -0.0000 -0.0000 -1.0000
vn 1.0000 -0.0000 -0.0000
vn -0.0000 -0.0000 1.0000
vn -0.0000 1.0000 -0.0000
vn -0.0000 -1.0000 -0.0000
vt 0.375000 0.000000
vt 0.625000 0.000000
vt 0.625000 0.250000
vt 0.375000 0.250000
vt 0.625000 0.500000
vt 0.375000 0.500000
vt 0.625000 0.750000
vt 0.375000 0.750000
vt 0.625000 1.000000
vt 0.375000 1.000000
vt 0.125000 0.500000
vt 0.125000 0.750000
vt 0.875000 0.500000
vt 0.875000 0.750000
s 0
usemtl Material.002
f 313/547/235 315/550/235 316/549/235 314/548/235
f 315/550/236 319/552/236 320/551/236 316/549/236
f 319/552/237 317/554/237 318/553/237 320/551/237
f 317/554/238 313/556/238 314/555/238 318/553/238
f 315/557/239 313/558/239 317/554/239 319/552/239
f 320/551/240 318/553/240 314/560/240 316/559/240
o Cube.040
v 0.022492 1.055071 0.096291
v 0.022492 0.807624 0.096291
v 0.022492 1.055071 -0.061830
v 0.022492 0.807624 -0.061830
v 0.069193 1.055071 0.096291
v 0.069193 0.807624 0.096291
v 0.069193 1.055071 -0.061830
v 0.069193 0.807624 -0.061830
vn -1.0000 -0.0000 -0.0000
vn -0.0000 -0.0000 -1.0000
vn 1.0000 -0.0000 -0.0000
vn -0.0000 -0.0000 1.0000
vn -0.0000 1.0000 -0.0000
vn -0.0000 -1.0000 -0.0000
vt 0.375000 0.000000
vt 0.625000 0.000000
vt 0.625000 0.250000
vt 0.375000 0.250000
vt 0.625000 0.500000
vt 0.375000 0.500000
vt 0.625000 0.750000
vt 0.375000 0.750000
vt 0.625000 1.000000
vt 0.375000 1.000000
vt 0.125000 0.500000
vt 0.125000 0.750000
vt 0.875000 0.500000
vt 0.875000 0.750000
s 0
usemtl Material.002
f 321/561/241 323/564/241 324/563/241 322/562/241
f 323/564/242 327/566/242 328/565/242 324/563/242
f 327/566/243 325/568/243 326/567/243 328/565/243
f 325/568/244 321/570/244 322/569/244 326/567/244
f 323/571/245 321/572/245 325/568/245 327/566/245
f 328/565/246 326/567/246 322/574/246 324/573/246
o Cube.041
v 0.103458 1.055071 0.096291
v 0.103458 0.807624 0.096291
v 0.103458 1.055071 -0.061830
v 0.103458 0.807624 -0.061830
v 0.150158 1.055071 0.096291
v 0.150158 0.807624 0.096291
v 0.150158 1.055071 -0.061830
v 0.150158 0.807624 -0.061830
vn -1.0000 -0.0000 -0.0000
vn -0.0000 -0.0000 -1.0000
vn 1.0000 -0.0000 -0.0000
vn -0.0000 -0.0000 1.0000
vn -0.0000 1.0000 -0.0000
vn -0.0000 -1.0000 -0.0000
vt 0.375000 0.000000
vt 0.625000 0.000000
vt 0.625000 0.250000
vt 0.375000 0.250000
vt 0.625000 0.500000
vt 0.375000 0.500000
vt 0.625000 0.750000
vt 0.375000 0.750000
vt 0.625000 1.000000
vt 0.375000 1.000000
vt 0.125000 0.500000
vt 0.125000 0.750000
vt 0.875000 0.500000
vt 0.875000 0.750000
s 0
usemtl Material.002
f 329/575/247 331/578/247 332/577/247 330/576/247
f 331/578/248 335/580/248 336/579/248 332/577/248
f 335/580/249 333/582/249 334/581/249 336/579/249
f 333/582/250 329/584/250 330/583/250 334/581/250
f 331/585/251 329/586/251 333/582/251 335/580/251
f 336/579/252 334/581/252 330/588/252 332/587/252
o Cube.042
v 0.189282 1.055071 0.096291
v 0.189282 0.807624 0.096291
v 0.189282 1.055071 -0.061830
v 0.189282 0.807624 -0.061830
v 0.235983 1.055071 0.096291
v 0.235983 0.807624 0.096291
v 0.235983 1.055071 -0.061830
v 0.235983 0.807624 -0.061830
vn -1.0000 -0.0000 -0.0000
vn -0.0000 -0.0000 -1.0000
vn 1.0000 -0.0000 -0.0000
vn -0.0000 -0.0000 1.0000
vn -0.0000 1.0000 -0.0000
vn -0.0000 -1.0000 -0.0000
vt 0.375000 0.000000
vt 0.625000 0.000000
vt 0.625000 0.250000
vt 0.375000 0.250000
vt 0.625000 0.500000
vt 0.375000 0.500000
vt 0.625000 0.750000
vt 0.375000 0.750000
vt 0.625000 1.000000
vt 0.375000 1.000000
vt 0.125000 0.500000
vt 0.125000 0.750000
vt 0.875000 0.500000
vt 0.875000 0.750000
s 0
usemtl Material.002
f 337/589/253 339/592/253 340/591/253 338/590/253
f 339/592/254 343/594/254 344/593/254 340/591/254
f 343/594/255 341/596/255 342/595/255 344/593/255
f 341/596/256 337/598/256 338/597/256 342/595/256
f 339/599/257 337/600/257 341/596/257 343/594/257
f 344/593/258 342/595/258 338/602/258 340/601/258
o Cube.043
v 0.282403 1.055071 0.096291
v 0.282403 0.807624 0.096291
v 0.282403 1.055071 -0.061830
v 0.282403 0.807624 -0.061830
v 0.329104 1.055071 0.096291
v 0.329104 0.807624 0.096291
v 0.329104 1.055071 -0.061830
v 0.329104 0.807624 -0.061830
vn -1.0000 -0.0000 -0.0000
vn -0.0000 -0.0000 -1.0000
vn 1.0000 -0.0000 -0.0000
vn -0.0000 -0.0000 1.0000
vn -0.0000 1.0000 -0.0000
vn -0.0000 -1.0000 -0.0000
vt 0.375000 0.000000
vt 0.625000 0.000000
vt 0.625000 0.250000
vt 0.375000 0.250000
vt 0.625000 0.500000
vt 0.375000 0.500000
vt 0.625000 0.750000
vt 0.375000 0.750000
vt 0.625000 1.000000
vt 0.375000 1.000000
vt 0.125000 0.500000
vt 0.125000 0.750000
vt 0.875000 0.500000
vt 0.875000 0.750000
s 0
usemtl Material.002
f 345/603/259 347/606/259 348/605/259 346/604/259
f 347/606/260 351/608/260 352/607/260 348/605/260
f 351/608/261 349/610/261 350/609/261 352/607/261
f 349/610/262 345/612/262 346/611/262 350/609/262
f 347/613/263 345/614/263 349/610/263 351/608/263
f 352/607/264 350/609/264 346/616/264 348/615/264
o Cube.044
v 0.370457 1.055071 0.096291
v 0.370457 0.807624 0.096291
v 0.370457 1.055071 -0.061830
v 0.370457 0.807624 -0.061830
v 0.417157 1.055071 0.096291
v 0.417157 0.807624 0.096291
v 0.417157 1.055071 -0.061830
v 0.417157 0.807624 -0.061830
vn -1.0000 -0.0000 -0.0000
vn -0.0000 -0.0000 -1.0000
vn 1.0000 -0.0000 -0.0000
vn -0.0000 -0.0000 1.0000
vn -0.0000 1.0000 -0.0000
vn -0.0000 -1.0000 -0.0000
vt 0.375000 0.000000
vt 0.625000 0.000000
vt 0.625000 0.250000
vt 0.375000 0.250000
vt 0.625000 0.500000
vt 0.375000 0.500000
vt 0.625000 0.750000
vt 0.375000 0.750000
vt 0.625000 1.000000
vt 0.375000 1.000000
vt 0.125000 0.500000
vt 0.125000 0.750000
vt 0.875000 0.500000
vt 0.875000 0.750000
s 0
usemtl Material.002
f 353/617/265 355/620/265 356/619/265 354/618/265
f 355/620/266 359/622/266 360/621/266 356/619/266
f 359/622/267 357/624/267 358/623/267 360/621/267
f 357/624/268 353/626/268 354/625/268 358/623/268
f 355/627/269 353/628/269 357/624/269 359/622/269
f 360/621/270 358/623/270 354/630/270 356/629/270
o Cube.045
v 0.451422 1.055071 0.096291
v 0.451422 0.807624 0.096291
v 0.451422 1.055071 -0.061830
v 0.451422 0.807624 -0.061830
v 0.498123 1.055071 0.096291
v 0.498123 0.807624 0.096291
v 0.498123 1.055071 -0.061830
v 0.498123 0.807624 -0.061830
vn -1.0000 -0.0000 -0.0000
vn -0.0000 -0.0000 -1.0000
vn 1.0000 -0.0000 -0.0000
vn -0.0000 -0.0000 1.0000
vn -0.0000 1.0000 -0.0000
vn -0.0000 -1.0000 -0.0000
vt 0.375000 0.000000
vt 0.625000 0.000000
vt 0.625000 0.250000
vt 0.375000 0.250000
vt 0.625000 0.500000
vt 0.375000 0.500000
vt 0.625000 0.750000
vt 0.375000 0.750000
vt 0.625000 1.000000
vt 0.375000 1.000000
vt 0.125000 0.500000
vt 0.125000 0.750000
vt 0.875000 0.500000
vt 0.875000 0.750000
s 0
usemtl Material.002
f 361/631/271 363/634/271 364/633/271 362/632/271
f 363/634/272 367/636/272 368/635/272 364/633/272
f 367/636/273 365/638/273 366/637/273 368/635/273
f 365/638/274 361/640/274 362/639/274 366/637/274
f 363/641/275 361/642/275 365/638/275 367/636/275
f 368/635/276 366/637/276 362/644/276 364/643/276
o Cube.046
v 0.537247 1.055071 0.096291
v 0.537247 0.807624 0.096291
v 0.537247 1.055071 -0.061830
v 0.537247 0.807624 -0.061830
v 0.583948 1.055071 0.096291
v 0.583948 0.807624 0.096291
v 0.583948 1.055071 -0.061830
v 0.583948 0.807624 -0.061830
vn -1.0000 -0.0000 -0.0000
vn -0.0000 -0.0000 -1.0000
vn 1.0000 -0.0000 -0.0000
vn -0.0000 -0.0000 1.0000
vn -0.0000 1.0000 -0.0000
vn -0.0000 -1.0000 -0.0000
vt 0.375000 0.000000
vt 0.625000 0.000000
vt 0.625000 0.250000
vt 0.375000 0.250000
vt 0.625000 0.500000
vt 0.375000 0.500000
vt 0.625000 0.750000
vt 0.375000 0.750000
vt 0.625000 1.000000
vt 0.375000 1.000000
vt 0.125000 0.500000
vt 0.125000 0.750000
vt 0.875000 0.500000
vt 0.875000 0.750000
s 0
usemtl Material.002
f 369/645/277 371/648/277 372/647/277 370/646/277
f 371/648/278 375/650/278 376/649/278 372/647/278
f 375/650/279 373/652/279 374/651/279 376/649/279
f 373/652/280 369/654/280 370/653/280 374/651/280
f 371/655/281 369/656/281 373/652/281 375/650/281
f 376/649/282 374/651/282 370/658/282 372/657/282
o Cube.047
v 0.630368 1.055071 0.096291
v 0.630368 0.807624 0.096291
v 0.630368 1.055071 -0.061830
v 0.630368 0.807624 -0.061830
v 0.677069 1.055071 0.096291
v 0.677069 0.807624 0.096291
v 0.677069 1.055071 -0.061830
v 0.677069 0.807624 -0.061830
vn -1.0000 -0.0000 -0.0000
vn -0.0000 -0.0000 -1.0000
vn 1.0000 -0.0000 -0.0000
vn -0.0000 -0.0000 1.0000
vn -0.0000 1.0000 -0.0000
vn -0.0000 -1.0000 -0.0000
vt 0.375000 0.000000
vt 0.625000 0.000000
vt 0.625000 0.250000
vt 0.375000 0.250000
vt 0.625000 0.500000
vt 0.375000 0.500000
vt 0.625000 0.750000
vt 0.375000 0.750000
vt 0.625000 1.000000
vt 0.375000 1.000000
vt 0.125000 0.500000
vt 0.125000 0.750000
vt 0.875000 0.500000
vt 0.875000 0.750000
s 0
usemtl Material.002
f 377/659/283 379/662/283 380/661/283 378/660/283
f 379/662/284 383/664/284 384/663/284 380/661/284
f 383/664/285 381/666/285 382/665/285 384/663/285
f 381/666/286 377/668/286 378/667/286 382/665/286
f 379/669/287 377/670/287 381/666/287 383/664/287
f 384/663/288 382/665/288 378/672/288 380/671/288
o Cube.048
v -0.688826 -0.516725 0.096291
v -0.688826 -0.764172 0.096291
v -0.688826 -0.516725 -0.061830
v -0.688826 -0.764172 -0.061830
v -0.642125 -0.516725 0.096291
v -0.642125 -0.764172 0.096291
v -0.642125 -0.516725 -0.061830
v -0.642125 -0.764172 -0.061830
vn -1.0000 -0.0000 -0.0000
vn -0.0000 -0.0000 -1.0000
vn 1.0000 -0.0000 -0.0000
vn -0.0000 -0.0000 1.0000
vn -0.0000 1.0000 -0.0000
vn -0.0000 -1.0000 -0.0000
vt 0.375000 0.000000
vt 0.625000 0.000000
vt 0.625000 0.250000
vt 0.375000 0.250000
vt 0.625000 0.500000
vt 0.375000 0.500000
vt 0.625000 0.750000
vt 0.375000 0.750000
vt 0.625000 1.000000
vt 0.375000 1.000000
vt 0.125000 0.500000
vt 0.125000 0.750000
vt 0.875000 0.500000
vt 0.875000 0.750000
s 0
usemtl Material.002
f 385/673/289 387/676/289 388/675/289 386/674/289
f 387/676/290 391/678/290 392/677/290 388/675/290
f 391/678/291 389/680/291 390/679/291 392/677/291
f 389/680/292 385/682/292 386/681/292 390/679/292
f 387/683/293 385/684/293 389/680/293 391/678/293
f 392/677/294 390/679/294 386/686/294 388/685/294
o Cube.049
v -0.603001 -0.516725 0.096291
v -0.603001 -0.764172 0.096291
v -0.603001 -0.516725 -0.061830
v -0.603001 -0.764172 -0.061830
v -0.556301 -0.516725 0.096291
v -0.556301 -0.764172 0.096291
v -0.556301 -0.516725 -0.061830
v -0.556301 -0.764172 -0.061830
vn -1.0000 -0.0000 -0.0000
vn -0.0000 -0.0000 -1.0000
vn 1.0000 -0.0000 -0.0000
vn -0.0000 -0.0000 1.0000
vn -0.0000 1.0000 -0.0000
vn -0.0000 -1.0000 -0.0000
vt 0.375000 0.000000
vt 0.625000 0.000000
vt 0.625000 0.250000
vt 0.375000 0.250000
vt 0.625000 0.500000
vt 0.375000 0.500000
vt 0.625000 0.750000
vt 0.375000 0.750000
vt 0.625000 1.000000
vt 0.375000 1.000000
vt 0.125000 0.500000
vt 0.125000 0.750000
vt 0.875000 0.500000
vt 0.875000 0.750000
s 0
usemtl Material.002
f 393/687/295 395/690/295 396/689/295 394/688/295
f 395/690/296 399/692/296 400/691/296 396/689/296
f 399/692/297 397/694/297 398/693/297 400/691/297
f 397/694/298 393/696/298 394/695/298 398/693/298
f 395/697/299 393/698/299 397/694/299 399/692/299
f 400/691/300 398/693/300 394/700/300 396/699/300
o Cube.050
v -0.509880 -0.516725 0.096291
v -0.509880 -0.764172 0.096291
v -0.509880 -0.516725 -0.061830
v -0.509880 -0.764172 -0.061830
v -0.463179 -0.516725 0.096291
v -0.463179 -0.764172 0.096291
v -0.463179 -0.516725 -0.061830
v -0.463179 -0.764172 -0.061830
vn -1.0000 -0.0000 -0.0000
vn -0.0000 -0.0000 -1.0000
vn 1.0000 -0.0000 -0.0000
vn -0.0000 -0.0000 1.0000
vn -0.0000 1.0000 -0.0000
vn -0.0000 -1.0000 -0.0000
vt 0.375000 0.000000
vt 0.625000 0.000000
vt 0.625000 0.250000
vt 0.375000 0.250000
vt 0.625000 0.500000
vt 0.375000 0.500000
vt 0.625000 0.750000
vt 0.375000 0.750000
vt 0.625000 1.000000
vt 0.375000 1.000000
vt 0.125000 0.500000
vt 0.125000 0.750000
vt 0.875000 0.500000
vt 0.875000 0.750000
s 0
usemtl Material.002
f 401/701/301 403/704/301 404/703/301 402/702/301
f 403/704/302 407/706/302 408/705/302 404/703/302
f 407/706/303 405/708/303 406/707/303 408/705/303
f 405/708/304 401/710/304 402/709/304 406/707/304
f 403/711/305 401/712/305 405/708/305 407/706/305
f 408/705/306 406/707/306 402/714/306 404/713/306
o Cube.051
v -0.428914 -0.516725 0.096291
v -0.428914 -0.764172 0.096291
v -0.428914 -0.516725 -0.061830
v -0.428914 -0.764172 -0.061830
v -0.382214 -0.516725 0.096291
v -0.382214 -0.764172 0.096291
v -0.382214 -0.516725 -0.061830
v -0.382214 -0.764172 -0.061830
vn -1.0000 -0.0000 -0.0000
vn -0.0000 -0.0000 -1.0000
vn 1.0000 -0.0000 -0.0000
vn -0.0000 -0.0000 1.0000
vn -0.0000 1.0000 -0.0000
vn -0.0000 -1.0000 -0.0000
vt 0.375000 0.000000
vt 0.625000 0.000000
vt 0.625000 0.250000
vt 0.375000 0.250000
vt 0.625000 0.500000
vt 0.375000 0.500000
vt 0.625000 0.750000
vt 0.375000 0.750000
vt 0.625000 1.000000
vt 0.375000 1.000000
vt 0.125000 0.500000
vt 0.125000 0.750000
vt 0.875000 0.500000
vt 0.875000 0.750000
s 0
usemtl Material.002
f 409/715/307 411/718/307 412/717/307 410/716/307
f 411/718/308 415/720/308 416/719/308 412/717/308
f 415/720/309 413/722/309 414/721/309 416/719/309
f 413/722/310 409/724/310 410/723/310 414/721/310
f 411/725/311 409/726/311 413/722/311 415/720/311
f 416/719/312 414/721/312 410/728/312 412/727/312
o Cube.052
v -0.343090 -0.516725 0.096291
v -0.343090 -0.764172 0.096291
v -0.343090 -0.516725 -0.061830
v -0.343090 -0.764172 -0.061830
v -0.296389 -0.516725 0.096291
v -0.296389 -0.764172 0.096291
v -0.296389 -0.516725 -0.061830
v -0.296389 -0.764172 -0.061830
vn -1.0000 -0.0000 -0.0000
vn -0.0000 -0.0000 -1.0000
vn 1.0000 -0.0000 -0.0000
vn -0.0000 -0.0000 1.0000
vn -0.0000 1.0000 -0.0000
vn -0.0000 -1.0000 -0.0000
vt 0.375000 0.000000
vt 0.625000 0.000000
vt 0.625000 0.250000
vt 0.375000 0.250000
vt 0.625000 0.500000
vt 0.375000 0.500000
vt 0.625000 0.750000
vt 0.375000 0.750000
vt 0.625000 1.000000
vt 0.375000 1.000000
vt 0.125000 0.500000
vt 0.125000 0.750000
vt 0.875000 0.500000
vt 0.875000 0.750000
s 0
usemtl Material.002
f 417/729/313 419/732/313 420/731/313 418/730/313
f 419/732/314 423/734/314 424/733/314 420/731/314
f 423/734/315 421/736/315 422/735/315 424/733/315
f 421/736/316 417/738/316 418/737/316 422/735/316
f 419/739/317 417/740/317 421/736/317 423/734/317
f 424/733/318 422/735/318 418/742/318 420/741/318
o Cube.053
v -0.249969 -0.516725 0.096291
v -0.249969 -0.764172 0.096291
v -0.249969 -0.516725 -0.061830
v -0.249969 -0.764172 -0.061830
v -0.203268 -0.516725 0.096291
v -0.203268 -0.764172 0.096291
v -0.203268 -0.516725 -0.061830
v -0.203268 -0.764172 -0.061830
vn -1.0000 -0.0000 -0.0000
vn -0.0000 -0.0000 -1.0000
vn 1.0000 -0.0000 -0.0000
vn -0.0000 -0.0000 1.0000
vn -0.0000 1.0000 -0.0000
vn -0.0000 -1.0000 -0.0000
vt 0.375000 0.000000
vt 0.625000 0.000000
vt 0.625000 0.250000
vt 0.375000 0.250000
vt 0.625000 0.500000
vt 0.375000 0.500000
vt 0.625000 0.750000
vt 0.375000 0.750000
vt 0.625000 1.000000
vt 0.375000 1.000000
vt 0.125000 0.500000
vt 0.125000 0.750000
vt 0.875000 0.500000
vt 0.875000 0.750000
s 0
usemtl Material.002
f 425/743/319 427/746/319 428/745/319 426/744/319
f 427/746/320 431/748/320 432/747/320 428/745/320
f 431/748/321 429/750/321 430/749/321 432/747/321
f 429/750/322 425/752/322 426/751/322 430/749/322
f 427/753/323 425/754/323 429/750/323 431/748/323
f 432/747/324 430/749/324 426/756/324 428/755/324
o Cube.054
v -0.156454 -0.516725 0.096291
v -0.156454 -0.764172 0.096291
v -0.156454 -0.516725 -0.061830
v -0.156454 -0.764172 -0.061830
v -0.109753 -0.516725 0.096291
v -0.109753 -0.764172 0.096291
v -0.109753 -0.516725 -0.061830
v -0.109753 -0.764172 -0.061830
vn -1.0000 -0.0000 -0.0000
vn -0.0000 -0.0000 -1.0000
vn 1.0000 -0.0000 -0.0000
vn -0.0000 -0.0000 1.0000
vn -0.0000 1.0000 -0.0000
vn -0.0000 -1.0000 -0.0000
vt 0.375000 0.000000
vt 0.625000 0.000000
vt 0.625000 0.250000
vt 0.375000 0.250000
vt 0.625000 0.500000
vt 0.375000 0.500000
vt 0.625000 0.750000
vt 0.375000 0.750000
vt 0.625000 1.000000
vt 0.375000 1.000000
vt 0.125000 0.500000
vt 0.125000 0.750000
vt 0.875000 0.500000
vt 0.875000 0.750000
s 0
usemtl Material.002
f 433/757/325 435/760/325 436/759/325 434/758/325
f 435/760/326 439/762/326 440/761/326 436/759/326
f 439/762/327 437/764/327 438/763/327 440/761/327
f 437/764/328 433/766/328 434/765/328 438/763/328
f 435/767/329 433/768/329 437/764/329 439/762/329
f 440/761/330 438/763/330 434/770/330 436/769/330
o Cube.055
v -0.070629 -0.516725 0.096291
v -0.070629 -0.764172 0.096291
v -0.070629 -0.516725 -0.061830
v -0.070629 -0.764172 -0.061830
v -0.023929 -0.516725 0.096291
v -0.023929 -0.764172 0.096291
v -0.023929 -0.516725 -0.061830
v -0.023929 -0.764172 -0.061830
vn -1.0000 -0.0000 -0.0000
vn -0.0000 -0.0000 -1.0000
vn 1.0000 -0.0000 -0.0000
vn -0.0000 -0.0000 1.0000
vn -0.0000 1.0000 -0.0000
vn -0.0000 -1.0000 -0.0000
vt 0.375000 0.000000
vt 0.625000 0.000000
vt 0.625000 0.250000
vt 0.375000 0.250000
vt 0.625000 0.500000
vt 0.375000 0.500000
vt 0.625000 0.750000
vt 0.375000 0.750000
vt 0.625000 1.000000
vt 0.375000 1.000000
vt 0.125000 0.500000
vt 0.125000 0.750000
vt 0.875000 0.500000
vt 0.875000 0.750000
s 0
usemtl Material.002
f 441/771/331 443/774/331 444/773/331 442/772/331
f 443/774/332 447/776/332 448/775/332 444/773/332
f 447/776/333 445/778/333 446/777/333 448/775/333
f 445/778/334 441/780/334 442/779/334 446/777/334
f 443/781/335 441/782/335 445/778/335 447/776/335
f 448/775/336 446/777/336 442/784/336 444/783/336
o Cube.056
v 0.022492 -0.516725 0.096291
v 0.022492 -0.764172 0.096291
v 0.022492 -0.516725 -0.061830
v 0.022492 -0.764172 -0.061830
v 0.069193 -0.516725 0.096291
v 0.069193 -0.764172 0.096291
v 0.069193 -0.516725 -0.061830
v 0.069193 -0.764172 -0.061830
vn -1.0000 -0.0000 -0.0000
vn -0.0000 -0.0000 -1.0000
vn 1.0000 -0.0000 -0.0000
vn -0.0000 -0.0000 1.0000
vn -0.0000 1.0000 -0.0000
vn -0.0000 -1.0000 -0.0000
vt 0.375000 0.000000
vt 0.625000 0.000000
vt 0.625000 0.250000
vt 0.375000 0.250000
vt 0.625000 0.500000
vt 0.375000 0.500000
vt 0.625000 0.750000
vt 0.375000 0.750000
vt 0.625000 1.000000
vt 0.375000 1.000000
vt 0.125000 0.500000
vt 0.125000 0.750000
vt 0.875000 0.500000
vt 0.875000 0.750000
s 0
usemtl Material.002
f 449/785/337 451/788/337 452/787/337 450/786/337
f 451/788/338 455/790/338 456/789/338 452/787/338
f 455/790/339 453/792/339 454/791/339 456/789/339
f 453/792/340 449/794/340 450/793/340 454/791/340
f 451/795/341 449/796/341 453/792/341 455/790/341
f 456/789/342 454/791/342 450/798/342 452/797/342
o Cube.057
v 0.103458 -0.516725 0.096291
v 0.103458 -0.764172 0.096291
v 0.103458 -0.516725 -0.061830
v 0.103458 -0.764172 -0.061830
v 0.150158 -0.516725 0.096291
v 0.150158 -0.764172 0.096291
v 0.150158 -0.516725 -0.061830
v 0.150158 -0.764172 -0.061830
vn -1.0000 -0.0000 -0.0000
vn -0.0000 -0.0000 -1.0000
vn 1.0000 -0.0000 -0.0000
vn -0.0000 -0.0000 1.0000
vn -0.0000 1.0000 -0.0000
vn -0.0000 -1.0000 -0.0000
vt 0.375000 0.000000
vt 0.625000 0.000000
vt 0.625000 0.250000
vt 0.375000 0.250000
vt 0.625000 0.500000
vt 0.375000 0.500000
vt 0.625000 0.750000
vt 0.375000 0.750000
vt 0.625000 1.000000
vt 0.375000 1.000000
vt 0.125000 0.500000
vt 0.125000 0.750000
vt 0.875000 0.500000
vt 0.875000 0.750000
s 0
usemtl Material.002
f 457/799/343 459/802/343 460/801/343 458/800/343
f 459/802/344 463/804/344 464/803/344 460/801/344
f 463/804/345 461/806/345 462/805/345 464/803/345
f 461/806/346 457/808/346 458/807/346 462/805/346
f 459/809/347 457/810/347 461/806/347 463/804/347
f 464/803/348 462/805/348 458/812/348 460/811/348
o Cube.058
v 0.189282 -0.516725 0.096291
v 0.189282 -0.764172 0.096291
v 0.189282 -0.516725 -0.061830
v 0.189282 -0.764172 -0.061830
v 0.235983 -0.516725 0.096291
v 0.235983 -0.764172 0.096291
v 0.235983 -0.516725 -0.061830
v 0.235983 -0.764172 -0.061830
vn -1.0000 -0.0000 -0.0000
vn -0.0000 -0.0000 -1.0000
vn 1.0000 -0.0000 -0.0000
vn -0.0000 -0.0000 1.0000
vn -0.0000 1.0000 -0.0000
vn -0.0000 -1.0000 -0.0000
vt 0.375000 0.000000
vt 0.625000 0.000000
vt 0.625000 0.250000
vt 0.375000 0.250000
vt 0.625000 0.500000
vt 0.375000 0.500000
vt 0.625000 0.750000
vt 0.375000 0.750000
vt 0.625000 1.000000
vt 0.375000 1.000000
vt 0.125000 0.500000
vt 0.125000 0.750000
vt 0.875000 0.500000
vt 0.875000 0.750000
s 0
usemtl Material.002
f 465/813/349 467/816/349 468/815/349 466/814/349
f 467/816/350 471/818/350 472/817/350 468/815/350
f 471/818/351 469/820/351 470/819/351 472/817/351
f 469/820/352 465/822/352 466/821/352 470/819/352
f 467/823/353 465/824/353 469/820/353 471/818/353
f 472/817/354 470/819/354 466/826/354 468/825/354
o Cube.059
v 0.282403 -0.516725 0.096291
v 0.282403 -0.764172 0.096291
v 0.282403 -0.516725 -0.061830
v 0.282403 -0.764172 -0.061830
v 0.329104 -0.516725 0.096291
v 0.329104 -0.764172 0.096291
v 0.329104 -0.516725 -0.061830
v 0.329104 -0.764172 -0.061830
vn -1.0000 -0.0000 -0.0000
vn -0.0000 -0.0000 -1.0000
vn 1.0000 -0.0000 -0.0000
vn -0.0000 -0.0000 1.0000
vn -0.0000 1.0000 -0.0000
vn -0.0000 -1.0000 -0.0000
vt 0.375000 0.000000
vt 0.625000 0.000000
vt 0.625000 0.250000
vt 0.375000 0.250000
vt 0.625000 0.500000
vt 0.375000 0.500000
vt 0.625000 0.750000
vt 0.375000 0.750000
vt 0.625000 1.000000
vt 0.375000 1.000000
vt 0.125000 0.500000
vt 0.125000 0.750000
vt 0.875000 0.500000
vt 0.875000 0.750000
s 0
usemtl Material.002
f 473/827/355 475/830/355 476/829/355 474/828/355
f 475/830/356 479/832/356 480/831/356 476/829/356
f 479/832/357 477/834/357 478/833/357 480/831/357
f 477/834/358 473/836/358 474/835/358 478/833/358
f 475/837/359 473/838/359 477/834/359 479/832/359
f 480/831/360 478/833/360 474/840/360 476/839/360
o Cube.060
v 0.370457 -0.516725 0.096291
v 0.370457 -0.764172 0.096291
v 0.370457 -0.516725 -0.061830
v 0.370457 -0.764172 -0.061830
v 0.417157 -0.516725 0.096291
v 0.417157 -0.764172 0.096291
v 0.417157 -0.516725 -0.061830
v 0.417157 -0.764172 -0.061830
vn -1.0000 -0.0000 -0.0000
vn -0.0000 -0.0000 -1.0000
vn 1.0000 -0.0000 -0.0000
vn -0.0000 -0.0000 1.0000
vn -0.0000 1.0000 -0.0000
vn -0.0000 -1.0000 -0.0000
vt 0.375000 0.000000
vt 0.625000 0.000000
vt 0.625000 0.250000
vt 0.375000 0.250000
vt 0.625000 0.500000
vt 0.375000 0.500000
vt 0.625000 0.750000
vt 0.375000 0.750000
vt 0.625000 1.000000
vt 0.375000 1.000000
vt 0.125000 0.500000
vt 0.125000 0.750000
vt 0.875000 0.500000
vt 0.875000 0.750000
s 0
usemtl Material.002
f 481/841/361 483/844/361 484/843/361 482/842/361
f 483/844/362 487/846/362 488/845/362 484/843/362
f 487/846/363 485/848/363 486/847/363 488/845/363
f 485/848/364 481/850/364 482/849/364 486/847/364
f 483/851/365 481/852/365 485/848/365 487/846/365
f 488/845/366 486/847/366 482/854/366 484/853/366
o Cube.061
v 0.451422 -0.516725 0.096291
v 0.451422 -0.764172 0.096291
v 0.451422 -0.516725 -0.061830
v 0.451422 -0.764172 -0.061830
v 0.498123 -0.516725 0.096291
v 0.498123 -0.764172 0.096291
v 0.498123 -0.516725 -0.061830
v 0.498123 -0.764172 -0.061830
vn -1.0000 -0.0000 -0.0000
vn -0.0000 -0.0000 -1.0000
vn 1.0000 -0.0000 -0.0000
vn -0.0000 -0.0000 1.0000
vn -0.0000 1.0000 -0.0000
vn -0.0000 -1.0000 -0.0000
vt 0.375000 0.000000
vt 0.625000 0.000000
vt 0.625000 0.250000
vt 0.375000 0.250000
vt 0.625000 0.500000
vt 0.375000 0.500000
vt 0.625000 0.750000
vt 0.375000 0.750000
vt 0.625000 1.000000
vt 0.375000 1.000000
vt 0.125000 0.500000
vt 0.125000 0.750000
vt 0.875000 0.500000
vt 0.875000 0.750000
s 0
usemtl Material.002
f 489/855/367 491/858/367 492/857/367 490/856/367
f 491/858/368 495/860/368 496/859/368 492/857/368
f 495/860/369 493/862/369 494/861/369 496/859/369
f 493/862/370 489/864/370 490/863/370 494/861/370
f 491/865/371 489/866/371 493/862/371 495/860/371
f 496/859/372 494/861/372 490/868/372 492/867/372
o Cube.062
v 0.537247 -0.516725 0.096291
v 0.537247 -0.764172 0.096291
v 0.537247 -0.516725 -0.061830
v 0.537247 -0.764172 -0.061830
v 0.583948 -0.516725 0.096291
v 0.583948 -0.764172 0.096291
v 0.583948 -0.516725 -0.061830
v 0.583948 -0.764172 -0.061830
vn -1.0000 -0.0000 -0.0000
vn -0.0000 -0.0000 -1.0000
vn 1.0000 -0.0000 -0.0000
vn -0.0000 -0.0000 1.0000
vn -0.0000 1.0000 -0.0000
vn -0.0000 -1.0000 -0.0000
vt 0.375000 0.000000
vt 0.625000 0.000000
vt 0.625000 0.250000
vt 0.375000 0.250000
vt 0.625000 0.500000
vt 0.375000 0.500000
vt 0.625000 0.750000
vt 0.375000 0.750000
vt 0.625000 1.000000
vt 0.375000 1.000000
vt 0.125000 0.500000
vt 0.125000 0.750000
vt 0.875000 0.500000
vt 0.875000 0.750000
s 0
usemtl Material.002
f 497/869/373 499/872/373 500/871/373 498/870/373
f 499/872/374 503/874/374 504/873/374 500/871/374
f 503/874/375 501/876/375 502/875/375 504/873/375
f 501/876/376 497/878/376 498/877/376 502/875/376
f 499/879/377 497/880/377 501/876/377 503/874/377
f 504/873/378 502/875/378 498/882/378 500/881/378
o Cube.063
v 0.630368 -0.516725 0.096291
v 0.630368 -0.764172 0.096291
v 0.630368 -0.516725 -0.061830
v 0.630368 -0.764172 -0.061830
v 0.677069 -0.516725 0.096291
v 0.677069 -0.764172 0.096291
v 0.677069 -0.516725 -0.061830
v 0.677069 -0.764172 -0.061830
vn -1.0000 -0.0000 -0.0000
vn -0.0000 -0.0000 -1.0000
vn 1.0000 -0.0000 -0.0000
vn -0.0000 -0.0000 1.0000
vn -0.0000 1.0000 -0.0000
vn -0.0000 -1.0000 -0.0000
vt 0.375000 0.000000
vt 0.625000 0.000000
vt 0.625000 0.250000
vt 0.375000 0.250000
vt 0.625000 0.500000
vt 0.375000 0.500000
vt 0.625000 0.750000
vt 0.375000 0.750000
vt 0.625000 1.000000
vt 0.375000 1.000000
vt 0.125000 0.500000
vt 0.125000 0.750000
vt 0.875000 0.500000
vt 0.875000 0.750000
s 0
usemtl Material.002
f 505/883/379 507/886/379 508/885/379 506/884/379
f 507/886/380 511/888/380 512/887/380 508/885/380
f 511/888/381 509/890/381 510/889/381 512/887/381
f 509/890/382 505/892/382 506/891/382 510/889/382
f 507/893/383 505/894/383 509/890/383 511/888/383
f 512/887/384 510/889/384 506/896/384 508/895/384
o Cube.064
v -0.688826 -0.208142 0.096291
v -0.688826 -0.455589 0.096291
v -0.688826 -0.208142 -0.061830
v -0.688826 -0.455589 -0.061830
v -0.642125 -0.208142 0.096291
v -0.642125 -0.455589 0.096291
v -0.642125 -0.208142 -0.061830
v -0.642125 -0.455589 -0.061830
vn -1.0000 -0.0000 -0.0000
vn -0.0000 -0.0000 -1.0000
vn 1.0000 -0.0000 -0.0000
vn -0.0000 -0.0000 1.0000
vn -0.0000 1.0000 -0.0000
vn -0.0000 -1.0000 -0.0000
vt 0.375000 0.000000
vt 0.625000 0.000000
vt 0.625000 0.250000
vt 0.375000 0.250000
vt 0.625000 0.500000
vt 0.375000 0.500000
vt 0.625000 0.750000
vt 0.375000 0.750000
vt 0.625000 1.000000
vt 0.375000 1.000000
vt 0.125000 0.500000
vt 0.125000 0.750000
vt 0.875000 0.500000
vt 0.875000 0.750000
s 0
usemtl Material.002
f 513/897/385 515/900/385 516/899/385 514/898/385
f 515/900/386 519/902/386 520/901/386 516/899/386
f 519/902/387 517/904/387 518/903/387 520/901/387
f 517/904/388 513/906/388 514/905/388 518/903/388
f 515/907/389 513/908/389 517/904/389 519/902/389
f 520/901/390 518/903/390 514/910/390 516/909/390
o Cube.065
v -0.603001 -0.208142 0.096291
v -0.603001 -0.455589 0.096291
v -0.603001 -0.208142 -0.061830
v -0.603001 -0.455589 -0.061830
v -0.556301 -0.208142 0.096291
v -0.556301 -0.455589 0.096291
v -0.556301 -0.208142 -0.061830
v -0.556301 -0.455589 -0.061830
vn -1.0000 -0.0000 -0.0000
vn -0.0000 -0.0000 -1.0000
vn 1.0000 -0.0000 -0.0000
vn -0.0000 -0.0000 1.0000
vn -0.0000 1.0000 -0.0000
vn -0.0000 -1.0000 -0.0000
vt 0.375000 0.000000
vt 0.625000 0.000000
vt 0.625000 0.250000
vt 0.375000 0.250000
vt 0.625000 0.500000
vt 0.375000 0.500000
vt 0.625000 0.750000
vt 0.375000 0.750000
vt 0.625000 1.000000
vt 0.375000 1.000000
vt 0.125000 0.500000
vt 0.125000 0.750000
vt 0.875000 0.500000
vt 0.875000 0.750000
s 0
usemtl Material.002
f 521/911/391 523/914/391 524/913/391 522/912/391
f 523/914/392 527/916/392 528/915/392 524/913/392
f 527/916/393 525/918/393 526/917/393 528/915/393
f 525/918/394 521/920/394 522/919/394 526/917/394
f 523/921/395 521/922/395 525/918/395 527/916/395
f 528/915/396 526/917/396 522/924/396 524/923/396
o Cube.066
v -0.509880 -0.208142 0.096291
v -0.509880 -0.455589 0.096291
v -0.509880 -0.208142 -0.061830
v -0.509880 -0.455589 -0.061830
v -0.463179 -0.208142 0.096291
v -0.463179 -0.455589 0.096291
v -0.463179 -0.208142 -0.061830
v -0.463179 -0.455589 -0.061830
vn -1.0000 -0.0000 -0.0000
vn -0.0000 -0.0000 -1.0000
vn 1.0000 -0.0000 -0.0000
vn -0.0000 -0.0000 1.0000
vn -0.0000 1.0000 -0.0000
vn -0.0000 -1.0000 -0.0000
vt 0.375000 0.000000
vt 0.625000 0.000000
vt 0.625000 0.250000
vt 0.375000 0.250000
vt 0.625000 0.500000
vt 0.375000 0.500000
vt 0.625000 0.750000
vt 0.375000 0.750000
vt 0.625000 1.000000
vt 0.375000 1.000000
vt 0.125000 0.500000
vt 0.125000 0.750000
vt 0.875000 0.500000
vt 0.875000 0.750000
s 0
usemtl Material.002
f 529/925/397 531/928/397 532/927/397 530/926/397
f 531/928/398 535/930/398 536/929/398 532/927/398
f 535/930/399 533/932/399 534/931/399 536/929/399
f 533/932/400 529/934/400 530/933/400 534/931/400
f 531/935/401 529/936/401 533/932/401 535/930/401
f 536/929/402 534/931/402 530/938/402 532/937/402
o Cube.067
v -0.428914 -0.208142 0.096291
v -0.428914 -0.455589 0.096291
v -0.428914 -0.208142 -0.061830
v -0.428914 -0.455589 -0.061830
v -0.382214 -0.208142 0.096291
v -0.382214 -0.455589 0.096291
v -0.382214 -0.208142 -0.061830
v -0.382214 -0.455589 -0.061830
vn -1.0000 -0.0000 -0.0000
vn -0.0000 -0.0000 -1.0000
vn 1.0000 -0.0000 -0.0000
vn -0.0000 -0.0000 1.0000
vn -0.0000 1.0000 -0.0000
vn -0.0000 -1.0000 -0.0000
vt 0.375000 0.000000
vt 0.625000 0.000000
vt 0.625000 0.250000
vt 0.375000 0.250000
vt 0.625000 0.500000
vt 0.375000 0.500000
vt 0.625000 0.750000
vt 0.375000 0.750000
vt 0.625000 1.000000
vt 0.375000 1.000000
vt 0.125000 0.500000
vt 0.125000 0.750000
vt 0.875000 0.500000
vt 0.875000 0.750000
s 0
usemtl Material.002
f 537/939/403 539/942/403 540/941/403 538/940/403
f 539/942/404 543/944/404 544/943/404 540/941/404
f 543/944/405 541/946/405 542/945/405 544/943/405
f 541/946/406 537/948/406 538/947/406 542/945/406
f 539/949/407 537/950/407 541/946/407 543/944/407
f 544/943/408 542/945/408 538/952/408 540/951/408
o Cube.068
v -0.343090 -0.208142 0.096291
v -0.343090 -0.455589 0.096291
v -0.343090 -0.208142 -0.061830
v -0.343090 -0.455589 -0.061830
v -0.296389 -0.208142 0.096291
v -0.296389 -0.455589 0.096291
v -0.296389 -0.208142 -0.061830
v -0.296389 -0.455589 -0.061830
vn -1.0000 -0.0000 -0.0000
vn -0.0000 -0.0000 -1.0000
vn 1.0000 -0.0000 -0.0000
vn -0.0000 -0.0000 1.0000
vn -0.0000 1.0000 -0.0000
vn -0.0000 -1.0000 -0.0000
vt 0.375000 0.000000
vt 0.625000 0.000000
vt 0.625000 0.250000
vt 0.375000 0.250000
vt 0.625000 0.500000
vt 0.375000 0.500000
vt 0.625000 0.750000
vt 0.375000 0.750000
vt 0.625000 1.000000
vt 0.375000 1.000000
vt 0.125000 0.500000
vt 0.125000 0.750000
vt 0.875000 0.500000
vt 0.875000 0.750000
s 0
usemtl Material.002
f 545/953/409 547/956/409 548/955/409 546/954/409
f 547/956/410 551/958/410 552/957/410 548/955/410
f 551/958/411 549/960/411 550/959/411 552/957/411
f 549/960/412 545/962/412 546/961/412 550/959/412
f 547/963/413 545/964/413 549/960/413 551/958/413
f 552/957/414 550/959/414 546/966/414 548/965/414
o Cube.069
v -0.249969 -0.208142 0.096291
v -0.249969 -0.455589 0.096291
v -0.249969 -0.208142 -0.061830
v -0.249969 -0.455589 -0.061830
v -0.203268 -0.208142 0.096291
v -0.203268 -0.455589 0.096291
v -0.203268 -0.208142 -0.061830
v -0.203268 -0.455589 -0.061830
vn -1.0000 -0.0000 -0.0000
vn -0.0000 -0.0000 -1.0000
vn 1.0000 -0.0000 -0.0000
vn -0.0000 -0.0000 1.0000
vn -0.0000 1.0000 -0.0000
vn -0.0000 -1.0000 -0.0000
vt 0.375000 0.000000
vt 0.625000 0.000000
vt 0.625000 0.250000
vt 0.375000 0.250000
vt 0.625000 0.500000
vt 0.375000 0.500000
vt 0.625000 0.750000
vt 0.375000 0.750000
vt 0.625000 1.000000
vt 0.375000 1.000000
vt 0.125000 0.500000
vt 0.125000 0.750000
vt 0.875000 0.500000
vt 0.875000 0.750000
s 0
usemtl Material.002
f 553/967/415 555/970/415 556/969/415 554/968/415
f 555/970/416 559/972/416 560/971/416 556/969/416
f 559/972/417 557/974/417 558/973/417 560/971/417
f 557/974/418 553/976/418 554/975/418 558/973/418
f 555/977/419 553/978/419 557/974/419 559/972/419
f 560/971/420 558/973/420 554/980/420 556/979/420
o Cube.070
v -0.156454 -0.208142 0.096291
v -0.156454 -0.455589 0.096291
v -0.156454 -0.208142 -0.061830
v -0.156454 -0.455589 -0.061830
v -0.109753 -0.208142 0.096291
v -0.109753 -0.455589 0.096291
v -0.109753 -0.208142 -0.061830
v -0.109753 -0.455589 -0.061830
vn -1.0000 -0.0000 -0.0000
vn -0.0000 -0.0000 -1.0000
vn 1.0000 -0.0000 -0.0000
vn -0.0000 -0.0000 1.0000
vn -0.0000 1.0000 -0.0000
vn -0.0000 -1.0000 -0.0000
vt 0.375000 0.000000
vt 0.625000 0.000000
vt 0.625000 0.250000
vt 0.375000 0.250000
vt 0.625000 0.500000
vt 0.375000 0.500000
vt 0.625000 0.750000
vt 0.375000 0.750000
vt 0.625000 1.000000
vt 0.375000 1.000000
vt 0.125000 0.500000
vt 0.125000 0.750000
vt 0.875000 0.500000
vt 0.875000 0.750000
s 0
usemtl Material.002
f 561/981/421 563/984/421 564/983/421 562/982/421
f 563/984/422 567/986/422 568/985/422 564/983/422
f 567/986/423 565/988/423 566/987/423 568/985/423
f 565/988/424 561/990/424 562/989/424 566/987/424
f 563/991/425 561/992/425 565/988/425 567/986/425
f 568/985/426 566/987/426 562/994/426 564/993/426
o Cube.071
v -0.070629 -0.208142 0.096291
v -0.070629 -0.455589 0.096291
v -0.070629 -0.208142 -0.061830
v -0.070629 -0.455589 -0.061830
v -0.023929 -0.208142 0.096291
v -0.023929 -0.455589 0.096291
v -0.023929 -0.208142 -0.061830
v -0.023929 -0.455589 -0.061830
vn -1.0000 -0.0000 -0.0000
vn -0.0000 -0.0000 -1.0000
vn 1.0000 -0.0000 -0.0000
vn -0.0000 -0.0000 1.0000
vn -0.0000 1.0000 -0.0000
vn -0.0000 -1.0000 -0.0000
vt 0.375000 0.000000
vt 0.625000 0.000000
vt 0.625000 0.250000
vt 0.375000 0.250000
vt 0.625000 0.500000
vt 0.375000 0.500000
vt 0.625000 0.750000
vt 0.375000 0.750000
vt 0.625000 1.000000
vt 0.375000 1.000000
vt 0.125000 0.500000
vt 0.125000 0.750000
vt 0.875000 0.500000
vt 0.875000 0.750000
s 0
usemtl Material.002
f 569/995/427 571/998/427 572/997/427 570/996/427
f 571/998/428 575/1000/428 576/999/428 572/997/428
f 575/1000/429 573/1002/429 574/1001/429 576/999/429
f 573/1002/430 569/1004/430 570/1003/430 574/1001/430
f 571/1005/431 569/1006/431 573/1002/431 575/1000/431
f 576/999/432 574/1001/432 570/1008/432 572/1007/432
o Cube.072
v 0.022492 -0.208142 0.096291
v 0.022492 -0.455589 0.096291
v 0.022492 -0.208142 -0.061830
v 0.022492 -0.455589 -0.061830
v 0.069193 -0.208142 0.096291
v 0.069193 -0.455589 0.096291
v 0.069193 -0.208142 -0.061830
v 0.069193 -0.455589 -0.061830
vn -1.0000 -0.0000 -0.0000
vn -0.0000 -0.0000 -1.0000
vn 1.0000 -0.0000 -0.0000
vn -0.0000 -0.0000 1.0000
vn -0.0000 1.0000 -0.0000
vn -0.0000 -1.0000 -0.0000
vt 0.375000 0.000000
vt 0.625000 0.000000
vt 0.625000 0.250000
vt 0.375000 0.250000
vt 0.625000 0.500000
vt 0.375000 0.500000
vt 0.625000 0.750000
vt 0.375000 0.750000
vt 0.625000 1.000000
vt 0.375000 1.000000
vt 0.125000 0.500000
vt 0.125000 0.750000
vt 0.875000 0.500000
vt 0.875000 0.750000
s 0
usemtl Material.002
f 577/1009/433 579/1012/433 580/1011/433 578/1010/433
f 579/1012/434 583/1014/434 584/1013/434 580/1011/434
f 583/1014/435 581/1016/435 582/1015/435 584/1013/435
f 581/1016/436 577/1018/436 578/1017/436 582/1015/436
f 579/1019/437 577/1020/437 581/1016/437 583/1014/437
f 584/1013/438 582/1015/438 578/1022/438 580/1021/438
o Cube.073
v 0.103458 -0.208142 0.096291
v 0.103458 -0.455589 0.096291
v 0.103458 -0.208142 -0.061830
v 0.103458 -0.455589 -0.061830
v 0.150158 -0.208142 0.096291
v 0.150158 -0.455589 0.096291
v 0.150158 -0.208142 -0.061830
v 0.150158 -0.455589 -0.061830
vn -1.0000 -0.0000 -0.0000
vn -0.0000 -0.0000 -1.0000
vn 1.0000 -0.0000 -0.0000
vn -0.0000 -0.0000 1.0000
vn -0.0000 1.0000 -0.0000
vn -0.0000 -1.0000 -0.0000
vt 0.375000 0.000000
vt 0.625000 0.000000
vt 0.625000 0.250000
vt 0.375000 0.250000
vt 0.625000 0.500000
vt 0.375000 0.500000
vt 0.625000 0.750000
vt 0.375000 0.750000
vt 0.625000 1.000000
vt 0.375000 1.000000
vt 0.125000 0.500000
vt 0.125000 0.750000
vt 0.875000 0.500000
vt 0.875000 0.750000
s 0
usemtl Material.002
f 585/1023/439 587/1026/439 588/1025/439 586/1024/439
f 587/1026/440 591/1028/440 592/1027/440 588/1025/440
f 591/1028/441 589/1030/441 590/1029/441 592/1027/441
f 589/1030/442 585/1032/442 586/1031/442 590/1029/442
f 587/1033/443 585/1034/443 589/1030/443 591/1028/443
f 592/1027/444 590/1029/444 586/1036/444 588/1035/444
o Cube.074
v 0.189282 -0.208142 0.096291
v 0.189282 -0.455589 0.096291
v 0.189282 -0.208142 -0.061830
v 0.189282 -0.455589 -0.061830
v 0.235983 -0.208142 0.096291
v 0.235983 -0.455589 0.096291
v 0.235983 -0.208142 -0.061830
v 0.235983 -0.455589 -0.061830
vn -1.0000 -0.0000 -0.0000
vn -0.0000 -0.0000 -1.0000
vn 1.0000 -0.0000 -0.0000
vn -0.0000 -0.0000 1.0000
vn -0.0000 1.0000 -0.0000
vn -0.0000 -1.0000 -0.0000
vt 0.375000 0.000000
vt 0.625000 0.000000
vt 0.625000 0.250000
vt 0.375000 0.250000
vt 0.625000 0.500000
vt 0.375000 0.500000
vt 0.625000 0.750000
vt 0.375000 0.750000
vt 0.625000 1.000000
vt 0.375000 1.000000
vt 0.125000 0.500000
vt 0.125000 0.750000
vt 0.875000 0.500000
vt 0.875000 0.750000
s 0
usemtl Material.002
f 593/1037/445 595/1040/445 596/1039/445 594/1038/445
f 595/1040/446 599/1042/446 600/1041/446 596/1039/446
f 599/1042/447 597/1044/447 598/1043/447 600/1041/447
f 597/1044/448 593/1046/448 594/1045/448 598/1043/448
f 595/1047/449 593/1048/449 597/1044/449 599/1042/449
f 600/1041/450 598/1043/450 594/1050/450 596/1049/450
o Cube.075
v 0.282403 -0.208142 0.096291
v 0.282403 -0.455589 0.096291
v 0.282403 -0.208142 -0.061830
v 0.282403 -0.455589 -0.061830
v 0.329104 -0.208142 0.096291
v 0.329104 -0.455589 0.096291
v 0.329104 -0.208142 -0.061830
v 0.329104 -0.455589 -0.061830
vn -1.0000 -0.0000 -0.0000
vn -0.0000 -0.0000 -1.0000
vn 1.0000 -0.0000 -0.0000
vn -0.0000 -0.0000 1.0000
vn -0.0000 1.0000 -0.0000
vn -0.0000 -1.0000 -0.0000
vt 0.375000 0.000000
vt 0.625000 0.000000
vt 0.625000 0.250000
vt 0.375000 0.250000
vt 0.625000 0.500000
vt 0.375000 0.500000
vt 0.625000 0.750000
vt 0.375000 0.750000
vt 0.625000 1.000000
vt 0.375000 1.000000
vt 0.125000 0.500000
vt 0.125000 0.750000
vt 0.875000 0.500000
vt 0.875000 0.750000
s 0
usemtl Material.002
f 601/1051/451 603/1054/451 604/1053/451 602/1052/451
f 603/1054/452 607/1056/452 608/1055/452 604/1053/452
f 607/1056/453 605/1058/453 606/1057/453 608/1055/453
f 605/1058/454 601/1060/454 602/1059/454 606/1057/454
f 603/1061/455 601/1062/455 605/1058/455 607/1056/455
f 608/1055/456 606/1057/456 602/1064/456 604/1063/456
o Cube.076
v 0.370457 -0.208142 0.096291
v 0.370457 -0.455589 0.096291
v 0.370457 -0.208142 -0.061830
v 0.370457 -0.455589 -0.061830
v 0.417157 -0.208142 0.096291
v 0.417157 -0.455589 0.096291
v 0.417157 -0.208142 -0.061830
v 0.417157 -0.455589 -0.061830
vn -1.0000 -0.0000 -0.0000
vn -0.0000 -0.0000 -1.0000
vn 1.0000 -0.0000 -0.0000
vn -0.0000 -0.0000 1.0000
vn -0.0000 1.0000 -0.0000
vn -0.0000 -1.0000 -0.0000
vt 0.375000 0.000000
vt 0.625000 0.000000
vt 0.625000 0.250000
vt 0.375000 0.250000
vt 0.625000 0.500000
vt 0.375000 0.500000
vt 0.625000 0.750000
vt 0.375000 0.750000
vt 0.625000 1.000000
vt 0.375000 1.000000
vt 0.125000 0.500000
vt 0.125000 0.750000
vt 0.875000 0.500000
vt 0.875000 0.750000
s 0
usemtl Material.002
f 609/1065/457 611/1068/457 612/1067/457 610/1066/457
f 611/1068/458 615/1070/458 616/1069/458 612/1067/458
f 615/1070/459 613/1072/459 614/1071/459 616/1069/459
f 613/1072/460 609/1074/460 610/1073/460 614/1071/460
f 611/1075/461 609/1076/461 613/1072/461 615/1070/461
f 616/1069/462 614/1071/462 610/1078/462 612/1077/462
o Cube.077
v 0.451422 -0.208142 0.096291
v 0.451422 -0.455589 0.096291
v 0.451422 -0.208142 -0.061830
v 0.451422 -0.455589 -0.061830
v 0.498123 -0.208142 0.096291
v 0.498123 -0.455589 0.096291
v 0.498123 -0.208142 -0.061830
v 0.498123 -0.455589 -0.061830
vn -1.0000 -0.0000 -0.0000
vn -0.0000 -0.0000 -1.0000
vn 1.0000 -0.0000 -0.0000
vn -0.0000 -0.0000 1.0000
vn -0.0000 1.0000 -0.0000
vn -0.0000 -1.0000 -0.0000
vt 0.375000 0.000000
vt 0.625000 0.000000
vt 0.625000 0.250000
vt 0.375000 0.250000
vt 0.625000 0.500000
vt 0.375000 0.500000
vt 0.625000 0.750000
vt 0.375000 0.750000
vt 0.625000 1.000000
vt 0.375000 1.000000
vt 0.125000 0.500000
vt 0.125000 0.750000
vt 0.875000 0.500000
vt 0.875000 0.750000
s 0
usemtl Material.002
f 617/1079/463 619/1082/463 620/1081/463 618/1080/463
f 619/1082/464 623/1084/464 624/1083/464 620/1081/464
f 623/1084/465 621/1086/465 622/1085/465 624/1083/465
f 621/1086/466 617/1088/466 618/1087/466 622/1085/466
f 619/1089/467 617/1090/467 621/1086/467 623/1084/467
f 624/1083/468 622/1085/468 618/1092/468 620/1091/468
o Cube.078
v 0.537247 -0.208142 0.096291
v 0.537247 -0.455589 0.096291
v 0.537247 -0.208142 -0.061830
v 0.537247 -0.455589 -0.061830
v 0.583948 -0.208142 0.096291
v 0.583948 -0.455589 0.096291
v 0.583948 -0.208142 -0.061830
v 0.583948 -0.455589 -0.061830
vn -1.0000 -0.0000 -0.0000
vn -0.0000 -0.0000 -1.0000
vn 1.0000 -0.0000 -0.0000
vn -0.0000 -0.0000 1.0000
vn -0.0000 1.0000 -0.0000
vn -0.0000 -1.0000 -0.0000
vt 0.375000 0.000000
vt 0.625000 0.000000
vt 0.625000 0.250000
vt 0.375000 0.250000
vt 0.625000 0.500000
vt 0.375000 0.500000
vt 0.625000 0.750000
vt 0.375000 0.750000
vt 0.625000 1.000000
vt 0.375000 1.000000
vt 0.125000 0.500000
vt 0.125000 0.750000
vt 0.875000 0.500000
vt 0.875000 0.750000
s 0
usemtl Material.002
f 625/1093/469 627/1096/469 628/1095/469 626/1094/469
f 627/1096/470 631/1098/470 632/1097/470 628/1095/470
f 631/1098/471 629/1100/471 630/1099/471 632/1097/471
f 629/1100/472 625/1102/472 626/1101/472 630/1099/472
f 627/1103/473 625/1104/473 629/1100/473 631/1098/473
f 632/1097/474 630/1099/474 626/1106/474 628/1105/474
o Cube.079
v 0.630368 -0.208142 0.096291
v 0.630368 -0.455589 0.096291
v 0.630368 -0.208142 -0.061830
v 0.630368 -0.455589 -0.061830
v 0.677069 -0.208142 0.096291
v 0.677069 -0.455589 0.096291
v 0.677069 -0.208142 -0.061830
v 0.677069 -0.455589 -0.061830
vn -1.0000 -0.0000 -0.0000
vn -0.0000 -0.0000 -1.0000
vn 1.0000 -0.0000 -0.0000
vn -0.0000 -0.0000 1.0000
vn -0.0000 1.0000 -0.0000
vn -0.0000 -1.0000 -0.0000
vt 0.375000 0.000000
vt 0.625000 0.000000
vt 0.625000 0.250000
vt 0.375000 0.250000
vt 0.625000 0.500000
vt 0.375000 0.500000
vt 0.625000 0.750000
vt 0.375000 0.750000
vt 0.625000 1.000000
vt 0.375000 1.000000
vt 0.125000 0.500000
vt 0.125000 0.750000
vt 0.875000 0.500000
vt 0.875000 0.750000
s 0
usemtl Material.002
f 633/1107/475 635/1110/475 636/1109/475 634/1108/475
f 635/1110/476 639/1112/476 640/1111/476 636/1109/476
f 639/1112/477 637/1114/477 638/1113/477 640/1111/477
f 637/1114/478 633/1116/478 634/1115/478 638/1113/478
f 635/1117/479 633/1118/479 637/1114/479 639/1112/479
f 640/1111/480 638/1113/480 634/1120/480 636/1119/480
o Cube.080
v -0.688826 0.116965 0.096291
v -0.688826 -0.130482 0.096291
v -0.688826 0.116965 -0.061830
v -0.688826 -0.130482 -0.061830
v -0.642125 0.116965 0.096291
v -0.642125 -0.130482 0.096291
v -0.642125 0.116965 -0.061830
v -0.642125 -0.130482 -0.061830
vn -1.0000 -0.0000 -0.0000
vn -0.0000 -0.0000 -1.0000
vn 1.0000 -0.0000 -0.0000
vn -0.0000 -0.0000 1.0000
vn -0.0000 1.0000 -0.0000
vn -0.0000 -1.0000 -0.0000
vt 0.375000 0.000000
vt 0.625000 0.000000
vt 0.625000 0.250000
vt 0.375000 0.250000
vt 0.625000 0.500000
vt 0.375000 0.500000
vt 0.625000 0.750000
vt 0.375000 0.750000
vt 0.625000 1.000000
vt 0.375000 1.000000
vt 0.125000 0.500000
vt 0.125000 0.750000
vt 0.875000 0.500000
vt 0.875000 0.750000
s 0
usemtl Material.002
f 641/1121/481 643/1124/481 644/1123/481 642/1122/481
f 643/1124/482 647/1126/482 648/1125/482 644/1123/482
f 647/1126/483 645/1128/483 646/1127/483 648/1125/483
f 645/1128/484 641/1130/484 642/1129/484 646/1127/484
f 643/1131/485 641/1132/485 645/1128/485 647/1126/485
f 648/1125/486 646/1127/486 642/1134/486 644/1133/486
o Cube.081
v -0.603001 0.116965 0.096291
v -0.603001 -0.130482 0.096291
v -0.603001 0.116965 -0.061830
v -0.603001 -0.130482 -0.061830
v -0.556301 0.116965 0.096291
v -0.556301 -0.130482 0.096291
v -0.556301 0.116965 -0.061830
v -0.556301 -0.130482 -0.061830
vn -1.0000 -0.0000 -0.0000
vn -0.0000 -0.0000 -1.0000
vn 1.0000 -0.0000 -0.0000
vn -0.0000 -0.0000 1.0000
vn -0.0000 1.0000 -0.0000
vn -0.0000 -1.0000 -0.0000
vt 0.375000 0.000000
vt 0.625000 0.000000
vt 0.625000 0.250000
vt 0.375000 0.250000
vt 0.625000 0.500000
vt 0.375000 0.500000
vt 0.625000 0.750000
vt 0.375000 0.750000
vt 0.625000 1.000000
vt 0.375000 1.000000
vt 0.125000 0.500000
vt 0.125000 0.750000
vt 0.875000 0.500000
vt 0.875000 0.750000
s 0
usemtl Material.002
f 649/1135/487 651/1138/487 652/1137/487 650/1136/487
f 651/1138/488 655/1140/488 656/1139/488 652/1137/488
f 655/1140/489 653/1142/489 654/1141/489 656/1139/489
f 653/1142/490 649/1144/490 650/1143/490 654/1141/490
f 651/1145/491 649/1146/491 653/1142/491 655/1140/491
f 656/1139/492 654/1141/492 650/1148/492 652/1147/492
o Cube.082
v -0.509880 0.116965 0.096291
v -0.509880 -0.130482 0.096291
v -0.509880 0.116965 -0.061830
v -0.509880 -0.130482 -0.061830
v -0.463179 0.116965 0.096291
v -0.463179 -0.130482 0.096291
v -0.463179 0.116965 -0.061830
v -0.463179 -0.130482 -0.061830
vn -1.0000 -0.0000 -0.0000
vn -0.0000 -0.0000 -1.0000
vn 1.0000 -0.0000 -0.0000
vn -0.0000 -0.0000 1.0000
vn -0.0000 1.0000 -0.0000
vn -0.0000 -1.0000 -0.0000
vt 0.375000 0.000000
vt 0.625000 0.000000
vt 0.625000 0.250000
vt 0.375000 0.250000
vt 0.625000 0.500000
vt 0.375000 0.500000
vt 0.625000 0.750000
vt 0.375000 0.750000
vt 0.625000 1.000000
vt 0.375000 1.000000
vt 0.125000 0.500000
vt 0.125000 0.750000
vt 0.875000 0.500000
vt 0.875000 0.750000
s 0
usemtl Material.002
f 657/1149/493 659/1152/493 660/1151/493 658/1150/493
f 659/1152/494 663/1154/494 664/1153/494 660/1151/494
f 663/1154/495 661/1156/495 662/1155/495 664/1153/495
f 661/1156/496 657/1158/496 658/1157/496 662/1155/496
f 659/1159/497 657/1160/497 661/1156/497 663/1154/497
f 664/1153/498 662/1155/498 658/1162/498 660/1161/498
o Cube.083
v -0.428914 0.116965 0.096291
v -0.428914 -0.130482 0.096291
v -0.428914 0.116965 -0.061830
v -0.428914 -0.130482 -0.061830
v -0.382214 0.116965 0.096291
v -0.382214 -0.130482 0.096291
v -0.382214 0.116965 -0.061830
v -0.382214 -0.130482 -0.061830
vn -1.0000 -0.0000 -0.0000
vn -0.0000 -0.0000 -1.0000
vn 1.0000 -0.0000 -0.0000
vn -0.0000 -0.0000 1.0000
vn -0.0000 1.0000 -0.0000
vn -0.0000 -1.0000 -0.0000
vt 0.375000 0.000000
vt 0.625000 0.000000
vt 0.625000 0.250000
vt 0.375000 0.250000
vt 0.625000 0.500000
vt 0.375000 0.500000
vt 0.625000 0.750000
vt 0.375000 0.750000
vt 0.625000 1.000000
vt 0.375000 1.000000
vt 0.125000 0.500000
vt 0.125000 0.750000
vt 0.875000 0.500000
vt 0.875000 0.750000
s 0
usemtl Material.002
f 665/1163/499 667/1166/499 668/1165/499 666/1164/499
f 667/1166/500 671/1168/500 672/1167/500 668/1165/500
f 671/1168/501 669/1170/501 670/1169/501 672/1167/501
f 669/1170/502 665/1172/502 666/1171/502 670/1169/502
f 667/1173/503 665/1174/503 669/1170/503 671/1168/503
f 672/1167/504 670/1169/504 666/1176/504 668/1175/504
o Cube.084
v -0.343090 0.116965 0.096291
v -0.343090 -0.130482 0.096291
v -0.343090 0.116965 -0.061830
v -0.343090 -0.130482 -0.061830
v -0.296389 0.116965 0.096291
v -0.296389 -0.130482 0.096291
v -0.296389 0.116965 -0.061830
v -0.296389 -0.130482 -0.061830
vn -1.0000 -0.0000 -0.0000
vn -0.0000 -0.0000 -1.0000
vn 1.0000 -0.0000 -0.0000
vn -0.0000 -0.0000 1.0000
vn -0.0000 1.0000 -0.0000
vn -0.0000 -1.0000 -0.0000
vt 0.375000 0.000000
vt 0.625000 0.000000
vt 0.625000 0.250000
vt 0.375000 0.250000
vt 0.625000 0.500000
vt 0.375000 0.500000
vt 0.625000 0.750000
vt 0.375000 0.750000
vt 0.625000 1.000000
vt 0.375000 1.000000
vt 0.125000 0.500000
vt 0.125000 0.750000
vt 0.875000 0.500000
vt 0.875000 0.750000
s 0
usemtl Material.002
f 673/1177/505 675/1180/505 676/1179/505 674/1178/505
f 675/1180/506 679/1182/506 680/1181/506 676/1179/506
f 679/1182/507 677/1184/507 678/1183/507 680/1181/507
f 677/1184/508 673/1186/508 674/1185/508 678/1183/508
f 675/1187/509 673/1188/509 677/1184/509 679/1182/509
f 680/1181/510 678/1183/510 674/1190/510 676/1189/510
o Cube.085
v -0.249969 0.116965 0.096291
v -0.249969 -0.130482 0.096291
v -0.249969 0.116965 -0.061830
v -0.249969 -0.130482 -0.061830
v -0.203268 0.116965 0.096291
v -0.203268 -0.130482 0.096291
v -0.203268 0.116965 -0.061830
v -0.203268 -0.130482 -0.061830
vn -1.0000 -0.0000 -0.0000
vn -0.0000 -0.0000 -1.0000
vn 1.0000 -0.0000 -0.0000
vn -0.0000 -0.0000 1.0000
vn -0.0000 1.0000 -0.0000
vn -0.0000 -1.0000 -0.0000
vt 0.375000 0.000000
vt 0.625000 0.000000
vt 0.625000 0.250000
vt 0.375000 0.250000
vt 0.625000 0.500000
vt 0.375000 0.500000
vt 0.625000 0.750000
vt 0.375000 0.750000
vt 0.625000 1.000000
vt 0.375000 1.000000
vt 0.125000 0.500000
vt 0.125000 0.750000
vt 0.875000 0.500000
vt 0.875000 0.750000
s 0
usemtl Material.002
f 681/1191/511 683/1194/511 684/1193/511 682/1192/511
f 683/1194/512 687/1196/512 688/1195/512 684/1193/512
f 687/1196/513 685/1198/513 686/1197/513 688/1195/513
f 685/1198/514 681/1200/514 682/1199/514 686/1197/514
f 683/1201/515 681/1202/515 685/1198/515 687/1196/515
f 688/1195/516 686/1197/516 682/1204/516 684/1203/516
o Cube.086
v -0.156454 0.116965 0.096291
v -0.156454 -0.130482 0.096291
v -0.156454 0.116965 -0.061830
v -0.156454 -0.130482 -0.061830
v -0.109753 0.116965 0.096291
v -0.109753 -0.130482 0.096291
v -0.109753 0.116965 -0.061830
v -0.109753 -0.130482 -0.061830
vn -1.0000 -0.0000 -0.0000
vn -0.0000 -0.0000 -1.0000
vn 1.0000 -0.0000 -0.0000
vn -0.0000 -0.0000 1.0000
vn -0.0000 1.0000 -0.0000
vn -0.0000 -1.0000 -0.0000
vt 0.375000 0.000000
vt 0.625000 0.000000
vt 0.625000 0.250000
vt 0.375000 0.250000
vt 0.625000 0.500000
vt 0.375000 0.500000
vt 0.625000 0.750000
vt 0.375000 0.750000
vt 0.625000 1.000000
vt 0.375000 1.000000
vt 0.125000 0.500000
vt 0.125000 0.750000
vt 0.875000 0.500000
vt 0.875000 0.750000
s 0
usemtl Material.002
f 689/1205/517 691/1208/517 692/1207/517 690/1206/517
f 691/1208/518 695/1210/518 696/1209/518 692/1207/518
f 695/1210/519 693/1212/519 694/1211/519 696/1209/519
f 693/1212/520 689/1214/520 690/1213/520 694/1211/520
f 691/1215/521 689/1216/521 693/1212/521 695/1210/521
f 696/1209/522 694/1211/522 690/1218/522 692/1217/522
o Cube.087
v -0.070629 0.116965 0.096291
v -0.070629 -0.130482 0.096291
v -0.070629 0.116965 -0.061830
v -0.070629 -0.130482 -0.061830
v -0.023929 0.116965 0.096291
v -0.023929 -0.130482 0.096291
v -0.023929 0.116965 -0.061830
v -0.023929 -0.130482 -0.061830
vn -1.0000 -0.0000 -0.0000
vn -0.0000 -0.0000 -1.0000
vn 1.0000 -0.0000 -0.0000
vn -0.0000 -0.0000 1.0000
vn -0.0000 1.0000 -0.0000
vn -0.0000 -1.0000 -0.0000
vt 0.375000 0.000000
vt 0.625000 0.000000
vt 0.625000 0.250000
vt 0.375000 0.250000
vt 0.625000 0.500000
vt 0.375000 0.500000
vt 0.625000 0.750000
vt 0.375000 0.750000
vt 0.625000 1.000000
vt 0.375000 1.000000
vt 0.125000 0.500000
vt 0.125000 0.750000
vt 0.875000 0.500000
vt 0.875000 0.750000
s 0
usemtl Material.002
f 697/1219/523 699/1222/523 700/1221/523 698/1220/523
f 699/1222/524 703/1224/524 704/1223/524 700/1221/524
f 703/1224/525 701/1226/525 702/1225/525 704/1223/525
f 701/1226/526 697/1228/526 698/1227/526 702/1225/526
f 699/1229/527 697/1230/527 701/1226/527 703/1224/527
f 704/1223/528 702/1225/528 698/1232/528 700/1231/528
o Cube.088
v 0.022492 0.116965 0.096291
v 0.022492 -0.130482 0.096291
v 0.022492 0.116965 -0.061830
v 0.022492 -0.130482 -0.061830
v 0.069193 0.116965 0.096291
v 0.069193 -0.130482 0.096291
v 0.069193 0.116965 -0.061830
v 0.069193 -0.130482 -0.061830
vn -1.0000 -0.0000 -0.0000
vn -0.0000 -0.0000 -1.0000
vn 1.0000 -0.0000 -0.0000
vn -0.0000 -0.0000 1.0000
vn -0.0000 1.0000 -0.0000
vn -0.0000 -1.0000 -0.0000
vt 0.375000 0.000000
vt 0.625000 0.000000
vt 0.625000 0.250000
vt 0.375000 0.250000
vt 0.625000 0.500000
vt 0.375000 0.500000
vt 0.625000 0.750000
vt 0.375000 0.750000
vt 0.625000 1.000000
vt 0.375000 1.000000
vt 0.125000 0.500000
vt 0.125000 0.750000
vt 0.875000 0.500000
vt 0.875000 0.750000
s 0
usemtl Material.002
f 705/1233/529 707/1236/529 708/1235/529 706/1234/529
f 707/1236/530 711/1238/530 712/1237/530 708/1235/530
f 711/1238/531 709/1240/531 710/1239/531 712/1237/531
f 709/1240/532 705/1242/532 706/1241/532 710/1239/532
f 707/1243/533 705/1244/533 709/1240/533 711/1238/533
f 712/1237/534 710/1239/534 706/1246/534 708/1245/534
o Cube.089
v 0.103458 0.116965 0.096291
v 0.103458 -0.130482 0.096291
v 0.103458 0.116965 -0.061830
v 0.103458 -0.130482 -0.061830
v 0.150158 0.116965 0.096291
v 0.150158 -0.130482 0.096291
v 0.150158 0.116965 -0.061830
v 0.150158 -0.130482 -0.061830
vn -1.0000 -0.0000 -0.0000
vn -0.0000 -0.0000 -1.0000
vn 1.0000 -0.0000 -0.0000
vn -0.0000 -0.0000 1.0000
vn -0.0000 1.0000 -0.0000
vn -0.0000 -1.0000 -0.0000
vt 0.375000 0.000000
vt 0.625000 0.000000
vt 0.625000 0.250000
vt 0.375000 0.250000
vt 0.625000 0.500000
vt 0.375000 0.500000
vt 0.625000 0.750000
vt 0.375000 0.750000
vt 0.625000 1.000000
vt 0.375000 1.000000
vt 0.125000 0.500000
vt 0.125000 0.750000
vt 0.875000 0.500000
vt 0.875000 0.750000
s 0
usemtl Material.002
f 713/1247/535 715/1250/535 716/1249/535 714/1248/535
f 715/1250/536 719/1252/536 720/1251/536 716/1249/536
f 719/1252/537 717/1254/537 718/1253/537 720/1251/537
f 717/1254/538 713/1256/538 714/1255/538 718/1253/538
f 715/1257/539 713/1258/539 717/1254/539 719/1252/539
f 720/1251/540 718/1253/540 714/1260/540 716/1259/540
o Cube.090
v 0.189282 0.116965 0.096291
v 0.189282 -0.130482 0.096291
v 0.189282 0.116965 -0.061830
v 0.189282 -0.130482 -0.061830
v 0.235983 0.116965 0.096291
v 0.235983 -0.130482 0.096291
v 0.235983 0.116965 -0.061830
v 0.235983 -0.130482 -0.061830
vn -1.0000 -0.0000 -0.0000
vn -0.0000 -0.0000 -1.0000
vn 1.0000 -0.0000 -0.0000
vn -0.0000 -0.0000 1.0000
vn -0.0000 1.0000 -0.0000
vn -0.0000 -1.0000 -0.0000
vt 0.375000 0.000000
vt 0.625000 0.000000
vt 0.625000 0.250000
vt 0.375000 0.250000
vt 0.625000 0.500000
vt 0.375000 0.500000
vt 0.625000 0.750000
vt 0.375000 0.750000
vt 0.625000 1.000000
vt 0.375000 1.000000
vt 0.125000 0.500000
vt 0.125000 0.750000
vt 0.875000 0.500000
vt 0.875000 0.750000
s 0
usemtl Material.002
f 721/1261/541 723/1264/541 724/1263/541 722/1262/541
f 723/1264/542 727/1266/542 728/1265/542 724/1263/542
f 727/1266/543 725/1268/543 726/1267/543 728/1265/543
f 725/1268/544 721/1270/544 722/1269/544 726/1267/544
f 723/1271/545 721/1272/545 725/1268/545 727/1266/545
f 728/1265/546 726/1267/546 722/1274/546 724/1273/546
o Cube.091
v 0.282403 0.116965 0.096291
v 0.282403 -0.130482 0.096291
v 0.282403 0.116965 -0.061830
v 0.282403 -0.130482 -0.061830
v 0.329104 0.116965 0.096291
v 0.329104 -0.130482 0.096291
v 0.329104 0.116965 -0.061830
v 0.329104 -0.130482 -0.061830
vn -1.0000 -0.0000 -0.0000
vn -0.0000 -0.0000 -1.0000
vn 1.0000 -0.0000 -0.0000
vn -0.0000 -0.0000 1.0000
vn -0.0000 1.0000 -0.0000
vn -0.0000 -1.0000 -0.0000
vt 0.375000 0.000000
vt 0.625000 0.000000
vt 0.625000 0.250000
vt 0.375000 0.250000
vt 0.625000 0.500000
vt 0.375000 0.500000
vt 0.625000 0.750000
vt 0.375000 0.750000
vt 0.625000 1.000000
vt 0.375000 1.000000
vt 0.125000 0.500000
vt 0.125000 0.750000
vt 0.875000 0.500000
vt 0.875000 0.750000
s 0
usemtl Material.002
f 729/1275/547 731/1278/547 732/1277/547 730/1276/547
f 731/1278/548 735/1280/548 736/1279/548 732/1277/548
f 735/1280/549 733/1282/549 734/1281/549 736/1279/549
f 733/1282/550 729/1284/550 730/1283/550 734/1281/550
f 731/1285/551 729/1286/551 733/1282/551 735/1280/551
f 736/1279/552 734/1281/552 730/1288/552 732/1287/552
o Cube.092
v 0.370457 0.116965 0.096291
v 0.370457 -0.130482 0.096291
v 0.370457 0.116965 -0.061830
v 0.370457 -0.130482 -0.061830
v 0.417157 0.116965 0.096291
v 0.417157 -0.130482 0.096291
v 0.417157 0.116965 -0.061830
v 0.417157 -0.130482 -0.061830
vn -1.0000 -0.0000 -0.0000
vn -0.0000 -0.0000 -1.0000
vn 1.0000 -0.0000 -0.0000
vn -0.0000 -0.0000 1.0000
vn -0.0000 1.0000 -0.0000
vn -0.0000 -1.0000 -0.0000
vt 0.375000 0.000000
vt 0.625000 0.000000
vt 0.625000 0.250000
vt 0.375000 0.250000
vt 0.625000 0.500000
vt 0.375000 0.500000
vt 0.625000 0.750000
vt 0.375000 0.750000
vt 0.625000 1.000000
vt 0.375000 1.000000
vt 0.125000 0.500000
vt 0.125000 0.750000
vt 0.875000 0.500000
vt 0.875000 0.750000
s 0
usemtl Material.002
f 737/1289/553 739/1292/553 740/1291/553 738/1290/553
f 739/1292/554 743/1294/554 744/1293/554 740/1291/554
f 743/1294/555 741/1296/555 742/1295/555 744/1293/555
f 741/1296/556 737/1298/556 738/1297/556 742/1295/556
f 739/1299/557 737/1300/557 741/1296/557 743/1294/557
f 744/1293/558 742/1295/558 738/1302/558 740/1301/558
o Cube.093
v 0.451422 0.116965 0.096291
v 0.451422 -0.130482 0.096291
v 0.451422 0.116965 -0.061830
v 0.451422 -0.130482 -0.061830
v 0.498123 0.116965 0.096291
v 0.498123 -0.130482 0.096291
v 0.498123 0.116965 -0.061830
v 0.498123 -0.130482 -0.061830
vn -1.0000 -0.0000 -0.0000
vn -0.0000 -0.0000 -1.0000
vn 1.0000 -0.0000 -0.0000
vn -0.0000 -0.0000 1.0000
vn -0.0000 1.0000 -0.0000
vn -0.0000 -1.0000 -0.0000
vt 0.375000 0.000000
vt 0.625000 0.000000
vt 0.625000 0.250000
vt 0.375000 0.250000
vt 0.625000 0.500000
vt 0.375000 0.500000
vt 0.625000 0.750000
vt 0.375000 0.750000
vt 0.625000 1.000000
vt 0.375000 1.000000
vt 0.125000 0.500000
vt 0.125000 0.750000
vt 0.875000 0.500000
vt 0.875000 0.750000
s 0
usemtl Material.002
f 745/1303/559 747/1306/559 748/1305/559 746/1304/559
f 747/1306/560 751/1308/560 752/1307/560 748/1305/560
f 751/1308/561 749/1310/561 750/1309/561 752/1307/561
f 749/1310/562 745/1312/562 746/1311/562 750/1309/562
f 747/1313/563 745/1314/563 749/1310/563 751/1308/563
f 752/1307/564 750/1309/564 746/1316/564 748/1315/564
o Cube.094
v 0.537247 0.116965 0.096291
v 0.537247 -0.130482 0.096291
v 0.537247 0.116965 -0.061830
v 0.537247 -0.130482 -0.061830
v 0.583948 0.116965 0.096291
v 0.583948 -0.130482 0.096291
v 0.583948 0.116965 -0.061830
v 0.583948 -0.130482 -0.061830
vn -1.0000 -0.0000 -0.0000
vn -0.0000 -0.0000 -1.0000
vn 1.0000 -0.0000 -0.0000
vn -0.0000 -0.0000 1.0000
vn -0.0000 1.0000 -0.0000
vn -0.0000 -1.0000 -0.0000
vt 0.375000 0.000000
vt 0.625000 0.000000
vt 0.625000 0.250000
vt 0.375000 0.250000
vt 0.625000 0.500000
vt 0.375000 0.500000
vt 0.625000 0.750000
vt 0.375000 0.750000
vt 0.625000 1.000000
vt 0.375000 1.000000
vt 0.125000 0.500000
vt 0.125000 0.750000
vt 0.875000 0.500000
vt 0.875000 0.750000
s 0
usemtl Material.002
f 753/1317/565 755/1320/565 756/1319/565 754/1318/565
f 755/1320/566 759/1322/566 760/1321/566 756/1319/566
f 759/1322/567 757/1324/567 758/1323/567 760/1321/567
f 757/1324/568 753/1326/568 754/1325/568 758/1323/568
f 755/1327/569 753/1328/569 757/1324/569 759/1322/569
f 760/1321/570 758/1323/570 754/1330/570 756/1329/570
o Cube.095
v 0.630368 0.116965 0.096291
v 0.630368 -0.130482 0.096291
v 0.630368 0.116965 -0.061830
v 0.630368 -0.130482 -0.061830
v 0.677069 0.116965 0.096291
v 0.677069 -0.130482 0.096291
v 0.677069 0.116965 -0.061830
v 0.677069 -0.130482 -0.061830
vn -1.0000 -0.0000 -0.0000
vn -0.0000 -0.0000 -1.0000
vn 1.0000 -0.0000 -0.0000
vn -0.0000 -0.0000 1.0000
vn -0.0000 1.0000 -0.0000
vn -0.0000 -1.0000 -0.0000
vt 0.375000 0.000000
vt 0.625000 0.000000
vt 0.625000 0.250000
vt 0.375000 0.250000
vt 0.625000 0.500000
vt 0.375000 0.500000
vt 0.625000 0.750000
vt 0.375000 0.750000
vt 0.625000 1.000000
vt 0.375000 1.000000
vt 0.125000 0.500000
vt 0.125000 0.750000
vt 0.875000 0.500000
vt 0.875000 0.750000
s 0
usemtl Material.002
f 761/1331/571 763/1334/571 764/1333/571 762/1332/571
f 763/1334/572 767/1336/572 768/1335/572 764/1333/572
f 767/1336/573 765/1338/573 766/1337/573 768/1335/573
f 765/1338/574 761/1340/574 762/1339/574 766/1337/574
f 763/1341/575 761/1342/575 765/1338/575 767/1336/575
f 768/1335/576 766/1337/576 762/1344/576 764/1343/576
o Cube.096
v -0.688826 -0.847102 0.096291
v -0.688826 -1.094549 0.096291
v -0.688826 -0.847102 -0.061830
v -0.688826 -1.094549 -0.061830
v -0.642125 -0.847102 0.096291
v -0.642125 -1.094549 0.096291
v -0.642125 -0.847102 -0.061830
v -0.642125 -1.094549 -0.061830
vn -1.0000 -0.0000 -0.0000
vn -0.0000 -0.0000 -1.0000
vn 1.0000 -0.0000 -0.0000
vn -0.0000 -0.0000 1.0000
vn -0.0000 1.0000 -0.0000
vn -0.0000 -1.0000 -0.0000
vt 0.375000 0.000000
vt 0.625000 0.000000
vt 0.625000 0.250000
vt 0.375000 0.250000
vt 0.625000 0.500000
vt 0.375000 0.500000
vt 0.625000 0.750000
vt 0.375000 0.750000
vt 0.625000 1.000000
vt 0.375000 1.000000
vt 0.125000 0.500000
vt 0.125000 0.750000
vt 0.875000 0.500000
vt 0.875000 0.750000
s 0
usemtl Material.002
f 769/1345/577 771/1348/577 772/1347/577 770/1346/577
f 771/1348/578 775/1350/578 776/1349/578 772/1347/578
f 775/1350/579 773/1352/579 774/1351/579 776/1349/579
f 773/1352/580 769/1354/580 770/1353/580 774/1351/580
f 771/1355/581 769/1356/581 773/1352/581 775/1350/581
f 776/1349/582 774/1351/582 770/1358/582 772/1357/582
o Cube.097
v -0.603001 -0.847102 0.096291
v -0.603001 -1.094549 0.096291
v -0.603001 -0.847102 -0.061830
v -0.603001 -1.094549 -0.061830
v -0.556301 -0.847102 0.096291
v -0.556301 -1.094549 0.096291
v -0.556301 -0.847102 -0.061830
v -0.556301 -1.094549 -0.061830
vn -1.0000 -0.0000 -0.0000
vn -0.0000 -0.0000 -1.0000
vn 1.0000 -0.0000 -0.0000
vn -0.0000 -0.0000 1.0000
vn -0.0000 1.0000 -0.0000
vn -0.0000 -1.0000 -0.0000
vt 0.375000 0.000000
vt 0.625000 0.000000
vt 0.625000 0.250000
vt 0.375000 0.250000
vt 0.625000 0.500000
vt 0.375000 0.500000
vt 0.625000 0.750000
vt 0.375000 0.750000
vt 0.625000 1.000000
vt 0.375000 1.000000
vt 0.125000 0.500000
vt 0.125000 0.750000
vt 0.875000 0.500000
vt 0.875000 0.750000
s 0
usemtl Material.002
f 777/1359/583 779/1362/583 780/1361/583 778/1360/583
f 779/1362/584 783/1364/584 784/1363/584 780/1361/584
f 783/1364/585 781/1366/585 782/1365/585 784/1363/585
f 781/1366/586 777/1368/586 778/1367/586 782/1365/586
f 779/1369/587 777/1370/587 781/1366/587 783/1364/587
f 784/1363/588 782/1365/588 778/1372/588 780/1371/588
o Cube.098
v -0.509880 -0.847102 0.096291
v -0.509880 -1.094549 0.096291
v -0.509880 -0.847102 -0.061830
v -0.509880 -1.094549 -0.061830
v -0.463179 -0.847102 0.096291
v -0.463179 -1.094549 0.096291
v -0.463179 -0.847102 -0.061830
v -0.463179 -1.094549 -0.061830
vn -1.0000 -0.0000 -0.0000
vn -0.0000 -0.0000 -1.0000
vn 1.0000 -0.0000 -0.0000
vn -0.0000 -0.0000 1.0000
vn -0.0000 1.0000 -0.0000
vn -0.0000 -1.0000 -0.0000
vt 0.375000 0.000000
vt 0.625000 0.000000
vt 0.625000 0.250000
vt 0.375000 0.250000
vt 0.625000 0.500000
vt 0.375000 0.500000
vt 0.625000 0.750000
vt 0.375000 0.750000
vt 0.625000 1.000000
vt 0.375000 1.000000
vt 0.125000 0.500000
vt 0.125000 0.750000
vt 0.875000 0.500000
vt 0.875000 0.750000
s 0
usemtl Material.002
f 785/1373/589 787/1376/589 788/1375/589 786/1374/589
f 787/1376/590 791/1378/590 792/1377/590 788/1375/590
f 791/1378/591 789/1380/591 790/1379/591 792/1377/591
f 789/1380/592 785/1382/592 786/1381/592 790/1379/592
f 787/1383/593 785/1384/593 789/1380/593 791/1378/593
f 792/1377/594 790/1379/594 786/1386/594 788/1385/594
o Cube.099
v -0.428914 -0.847102 0.096291
v -0.428914 -1.094549 0.096291
v -0.428914 -0.847102 -0.061830
v -0.428914 -1.094549 -0.061830
v -0.382214 -0.847102 0.096291
v -0.382214 -1.094549 0.096291
v -0.382214 -0.847102 -0.061830
v -0.382214 -1.094549 -0.061830
vn -1.0000 -0.0000 -0.0000
vn -0.0000 -0.0000 -1.0000
vn 1.0000 -0.0000 -0.0000
vn -0.0000 -0.0000 1.0000
vn -0.0000 1.0000 -0.0000
vn -0.0000 -1.0000 -0.0000
vt 0.375000 0.000000
vt 0.625000 0.000000
vt 0.625000 0.250000
vt 0.375000 0.250000
vt 0.625000 0.500000
vt 0.375000 0.500000
vt 0.625000 0.750000
vt 0.375000 0.750000
vt 0.625000 1.000000
vt 0.375000 1.000000
vt 0.125000 0.500000
vt 0.125000 0.750000
vt 0.875000 0.500000
vt 0.875000 0.750000
s 0
usemtl Material.002
f 793/1387/595 795/1390/595 796/1389/595 794/1388/595
f 795/1390/596 799/1392/596 800/1391/596 796/1389/596
f 799/1392/597 797/1394/597 798/1393/597 800/1391/597
f 797/1394/598 793/1396/598 794/1395/598 798/1393/598
f 795/1397/599 793/1398/599 797/1394/599 799/1392/599
f 800/1391/600 798/1393/600 794/1400/600 796/1399/600
o Cube.100
v -0.343090 -0.847102 0.096291
v -0.343090 -1.094549 0.096291
v -0.343090 -0.847102 -0.061830
v -0.343090 -1.094549 -0.061830
v -0.296389 -0.847102 0.096291
v -0.296389 -1.094549 0.096291
v -0.296389 -0.847102 -0.061830
v -0.296389 -1.094549 -0.061830
vn -1.0000 -0.0000 -0.0000
vn -0.0000 -0.0000 -1.0000
vn 1.0000 -0.0000 -0.0000
vn -0.0000 -0.0000 1.0000
vn -0.0000 1.0000 -0.0000
vn -0.0000 -1.0000 -0.0000
vt 0.375000 0.000000
vt 0.625000 0.000000
vt 0.625000 0.250000
vt 0.375000 0.250000
vt 0.625000 0.500000
vt 0.375000 0.500000
vt 0.625000 0.750000
vt 0.375000 0.750000
vt 0.625000 1.000000
vt 0.375000 1.000000
vt 0.125000 0.500000
vt 0.125000 0.750000
vt 0.875000 0.500000
vt 0.875000 0.750000
s 0
usemtl Material.002
f 801/1401/601 803/1404/601 804/1403/601 802/1402/601
f 803/1404/602 807/1406/602 808/1405/602 804/1403/602
f 807/1406/603 805/1408/603 806/1407/603 808/1405/603
f 805/1408/604 801/1410/604 802/1409/604 806/1407/604
f 803/1411/605 801/1412/605 805/1408/605 807/1406/605
f 808/1405/606 806/1407/606 802/1414/606 804/1413/606
o Cube.101
v -0.249969 -0.847102 0.096291
v -0.249969 -1.094549 0.096291
v -0.249969 -0.847102 -0.061830
v -0.249969 -1.094549 -0.061830
v -0.203268 -0.847102 0.096291
v -0.203268 -1.094549 0.096291
v -0.203268 -0.847102 -0.061830
v -0.203268 -1.094549 -0.061830
vn -1.0000 -0.0000 -0.0000
vn -0.0000 -0.0000 -1.0000
vn 1.0000 -0.0000 -0.0000
vn -0.0000 -0.0000 1.0000
vn -0.0000 1.0000 -0.0000
vn -0.0000 -1.0000 -0.0000
vt 0.375000 0.000000
vt 0.625000 0.000000
vt 0.625000 0.250000
vt 0.375000 0.250000
vt 0.625000 0.500000
vt 0.375000 0.500000
vt 0.625000 0.750000
vt 0.375000 0.750000
vt 0.625000 1.000000
vt 0.375000 1.000000
vt 0.125000 0.500000
vt 0.125000 0.750000
vt 0.875000 0.500000
vt 0.875000 0.750000
s 0
usemtl Material.002
f 809/1415/607 811/1418/607 812/1417/607 810/1416/607
f 811/1418/608 815/1420/608 816/1419/608 812/1417/608
f 815/1420/609 813/1422/609 814/1421/609 816/1419/609
f 813/1422/610 809/1424/610 810/1423/610 814/1421/610
f 811/1425/611 809/1426/611 813/1422/611 815/1420/611
f 816/1419/612 814/1421/612 810/1428/612 812/1427/612
o Cube.102
v -0.156454 -0.847102 0.096291
v -0.156454 -1.094549 0.096291
v -0.156454 -0.847102 -0.061830
v -0.156454 -1.094549 -0.061830
v -0.109753 -0.847102 0.096291
v -0.109753 -1.094549 0.096291
v -0.109753 -0.847102 -0.061830
v -0.109753 -1.094549 -0.061830
vn -1.0000 -0.0000 -0.0000
vn -0.0000 -0.0000 -1.0000
vn 1.0000 -0.0000 -0.0000
vn -0.0000 -0.0000 1.0000
vn -0.0000 1.0000 -0.0000
vn -0.0000 -1.0000 -0.0000
vt 0.375000 0.000000
vt 0.625000 0.000000
vt 0.625000 0.250000
vt 0.375000 0.250000
vt 0.625000 0.500000
vt 0.375000 0.500000
vt 0.625000 0.750000
vt 0.375000 0.750000
vt 0.625000 1.000000
vt 0.375000 1.000000
vt 0.125000 0.500000
vt 0.125000 0.750000
vt 0.875000 0.500000
vt 0.875000 0.750000
s 0
usemtl Material.002
f 817/1429/613 819/1432/613 820/1431/613 818/1430/613
f 819/1432/614 823/1434/614 824/1433/614 820/1431/614
f 823/1434/615 821/1436/615 822/1435/615 824/1433/615
f 821/1436/616 817/1438/616 818/1437/616 822/1435/616
f 819/1439/617 817/1440/617 821/1436/617 823/1434/617
f 824/1433/618 822/1435/618 818/1442/618 820/1441/618
o Cube.103
v -0.070629 -0.847102 0.096291
v -0.070629 -1.094549 0.096291
v -0.070629 -0.847102 -0.061830
v -0.070629 -1.094549 -0.061830
v -0.023929 -0.847102 0.096291
v -0.023929 -1.094549 0.096291
v -0.023929 -0.847102 -0.061830
v -0.023929 -1.094549 -0.061830
vn -1.0000 -0.0000 -0.0000
vn -0.0000 -0.0000 -1.0000
vn 1.0000 -0.0000 -0.0000
vn -0.0000 -0.0000 1.0000
vn -0.0000 1.0000 -0.0000
vn -0.0000 -1.0000 -0.0000
vt 0.375000 0.000000
vt 0.625000 0.000000
vt 0.625000 0.250000
vt 0.375000 0.250000
vt 0.625000 0.500000
vt 0.375000 0.500000
vt 0.625000 0.750000
vt 0.375000 0.750000
vt 0.625000 1.000000
vt 0.375000 1.000000
vt 0.125000 0.500000
vt 0.125000 0.750000
vt 0.875000 0.500000
vt 0.875000 0.750000
s 0
usemtl Material.002
f 825/1443/619 827/1446/619 828/1445/619 826/1444/619
f 827/1446/620 831/1448/620 832/1447/620 828/1445/620
f 831/1448/621 829/1450/621 830/1449/621 832/1447/621
f 829/1450/622 825/1452/622 826/1451/622 830/1449/622
f 827/1453/623 825/1454/623 829/1450/623 831/1448/623
f 832/1447/624 830/1449/624 826/1456/624 828/1455/624
o Cube.104
v 0.022492 -0.847102 0.096291
v 0.022492 -1.094549 0.096291
v 0.022492 -0.847102 -0.061830
v 0.022492 -1.094549 -0.061830
v 0.069193 -0.847102 0.096291
v 0.069193 -1.094549 0.096291
v 0.069193 -0.847102 -0.061830
v 0.069193 -1.094549 -0.061830
vn -1.0000 -0.0000 -0.0000
vn -0.0000 -0.0000 -1.0000
vn 1.0000 -0.0000 -0.0000
vn -0.0000 -0.0000 1.0000
vn -0.0000 1.0000 -0.0000
vn -0.0000 -1.0000 -0.0000
vt 0.375000 0.000000
vt 0.625000 0.000000
vt 0.625000 0.250000
vt 0.375000 0.250000
vt 0.625000 0.500000
vt 0.375000 0.500000
vt 0.625000 0.750000
vt 0.375000 0.750000
vt 0.625000 1.000000
vt 0.375000 1.000000
vt 0.125000 0.500000
vt 0.125000 0.750000
vt 0.875000 0.500000
vt 0.875000 0.750000
s 0
usemtl Material.002
f 833/1457/625 835/1460/625 836/1459/625 834/1458/625
f 835/1460/626 839/1462/626 840/1461/626 836/1459/626
f 839/1462/627 837/1464/627 838/1463/627 840/1461/627
f 837/1464/628 833/1466/628 834/1465/628 838/1463/628
f 835/1467/629 833/1468/629 837/1464/629 839/1462/629
f 840/1461/630 838/1463/630 834/1470/630 836/1469/630
o Cube.105
v 0.103458 -0.847102 0.096291
v 0.103458 -1.094549 0.096291
v 0.103458 -0.847102 -0.061830
v 0.103458 -1.094549 -0.061830
v 0.150158 -0.847102 0.096291
v 0.150158 -1.094549 0.096291
v 0.150158 -0.847102 -0.061830
v 0.150158 -1.094549 -0.061830
vn -1.0000 -0.0000 -0.0000
vn -0.0000 -0.0000 -1.0000
vn 1.0000 -0.0000 -0.0000
vn -0.0000 -0.0000 1.0000
vn -0.0000 1.0000 -0.0000
vn -0.0000 -1.0000 -0.0000
vt 0.375000 0.000000
vt 0.625000 0.000000
vt 0.625000 0.250000
vt 0.375000 0.250000
vt 0.625000 0.500000
vt 0.375000 0.500000
vt 0.625000 0.750000
vt 0.375000 0.750000
vt 0.625000 1.000000
vt 0.375000 1.000000
vt 0.125000 0.500000
vt 0.125000 0.750000
vt 0.875000 0.500000
vt 0.875000 0.750000
s 0
usemtl Material.002
f 841/1471/631 843/1474/631 844/1473/631 842/1472/631
f 843/1474/632 847/1476/632 848/1475/632 844/1473/632
f 847/1476/633 845/1478/633 846/1477/633 848/1475/633
f 845/1478/634 841/1480/634 842/1479/634 846/1477/634
f 843/1481/635 841/1482/635 845/1478/635 847/1476/635
f 848/1475/636 846/1477/636 842/1484/636 844/1483/636
o Cube.106
v 0.189282 -0.847102 0.096291
v 0.189282 -1.094549 0.096291
v 0.189282 -0.847102 -0.061830
v 0.189282 -1.094549 -0.061830
v 0.235983 -0.847102 0.096291
v 0.235983 -1.094549 0.096291
v 0.235983 -0.847102 -0.061830
v 0.235983 -1.094549 -0.061830
vn -1.0000 -0.0000 -0.0000
vn -0.0000 -0.0000 -1.0000
vn 1.0000 -0.0000 -0.0000
vn -0.0000 -0.0000 1.0000
vn -0.0000 1.0000 -0.0000
vn -0.0000 -1.0000 -0.0000
vt 0.375000 0.000000
vt 0.625000 0.000000
vt 0.625000 0.250000
vt 0.375000 0.250000
vt 0.625000 0.500000
vt 0.375000 0.500000
vt 0.625000 0.750000
vt 0.375000 0.750000
vt 0.625000 1.000000
vt 0.375000 1.000000
vt 0.125000 0.500000
vt 0.125000 0.750000
vt 0.875000 0.500000
vt 0.875000 0.750000
s 0
usemtl Material.002
f 849/1485/637 851/1488/637 852/1487/637 850/1486/637
f 851/1488/638 855/1490/638 856/1489/638 852/1487/638
f 855/1490/639 853/1492/639 854/1491/639 856/1489/639
f 853/1492/640 849/1494/640 850/1493/640 854/1491/640
f 851/1495/641 849/1496/641 853/1492/641 855/1490/641
f 856/1489/642 854/1491/642 850/1498/642 852/1497/642
o Cube.107
v 0.282403 -0.847102 0.096291
v 0.282403 -1.094549 0.096291
v 0.282403 -0.847102 -0.061830
v 0.282403 -1.094549 -0.061830
v 0.329104 -0.847102 0.096291
v 0.329104 -1.094549 0.096291
v 0.329104 -0.847102 -0.061830
v 0.329104 -1.094549 -0.061830
vn -1.0000 -0.0000 -0.0000
vn -0.0000 -0.0000 -1.0000
vn 1.0000 -0.0000 -0.0000
vn -0.0000 -0.0000 1.0000
vn -0.0000 1.0000 -0.0000
vn -0.0000 -1.0000 -0.0000
vt 0.375000 0.000000
vt 0.625000 0.000000
vt 0.625000 0.250000
vt 0.375000 0.250000
vt 0.625000 0.500000
vt 0.375000 0.500000
vt 0.625000 0.750000
vt 0.375000 0.750000
vt 0.625000 1.000000
vt 0.375000 1.000000
vt 0.125000 0.500000
vt 0.125000 0.750000
vt 0.875000 0.500000
vt 0.875000 0.750000
s 0
usemtl Material.002
f 857/1499/643 859/1502/643 860/1501/643 858/1500/643
f 859/1502/644 863/1504/644 864/1503/644 860/1501/644
f 863/1504/645 861/1506/645 862/1505/645 864/1503/645
f 861/1506/646 857/1508/646 858/1507/646 862/1505/646
f 859/1509/647 857/1510/647 861/1506/647 863/1504/647
f 864/1503/648 862/1505/648 858/1512/648 860/1511/648
o Cube.108
v 0.370457 -0.847102 0.096291
v 0.370457 -1.094549 0.096291
v 0.370457 -0.847102 -0.061830
v 0.370457 -1.094549 -0.061830
v 0.417157 -0.847102 0.096291
v 0.417157 -1.094549 0.096291
v 0.417157 -0.847102 -0.061830
v 0.417157 -1.094549 -0.061830
vn -1.0000 -0.0000 -0.0000
vn -0.0000 -0.0000 -1.0000
vn 1.0000 -0.0000 -0.0000
vn -0.0000 -0.0000 1.0000
vn -0.0000 1.0000 -0.0000
vn -0.0000 -1.0000 -0.0000
vt 0.375000 0.000000
vt 0.625000 0.000000
vt 0.625000 0.250000
vt 0.375000 0.250000
vt 0.625000 0.500000
vt 0.375000 0.500000
vt 0.625000 0.750000
vt 0.375000 0.750000
vt 0.625000 1.000000
vt 0.375000 1.000000
vt 0.125000 0.500000
vt 0.125000 0.750000
vt 0.875000 0.500000
vt 0.875000 0.750000
s 0
usemtl Material.002
f 865/1513/649 867/1516/649 868/1515/649 866/1514/649
f 867/1516/650 871/1518/650 872/1517/650 868/1515/650
f 871/1518/651 869/1520/651 870/1519/651 872/1517/651
f 869/1520/652 865/1522/652 866/1521/652 870/1519/652
f 867/1523/653 865/1524/653 869/1520/653 871/1518/653
f 872/1517/654 870/1519/654 866/1526/654 868/1525/654
o Cube.109
v 0.451422 -0.847102 0.096291
v 0.451422 -1.094549 0.096291
v 0.451422 -0.847102 -0.061830
v 0.451422 -1.094549 -0.061830
v 0.498123 -0.847102 0.096291
v 0.498123 -1.094549 0.096291
v 0.498123 -0.847102 -0.061830
v 0.498123 -1.094549 -0.061830
vn -1.0000 -0.0000 -0.0000
vn -0.0000 -0.0000 -1.0000
vn 1.0000 -0.0000 -0.0000
vn -0.0000 -0.0000 1.0000
vn -0.0000 1.0000 -0.0000
vn -0.0000 -1.0000 -0.0000
vt 0.375000 0.000000
vt 0.625000 0.000000
vt 0.625000 0.250000
vt 0.375000 0.250000
vt 0.625000 0.500000
vt 0.375000 0.500000
vt 0.625000 0.750000
vt 0.375000 0.750000
vt 0.625000 1.000000
vt 0.375000 1.000000
vt 0.125000 0.500000
vt 0.125000 0.750000
vt 0.875000 0.500000
vt 0.875000 0.750000
s 0
usemtl Material.002
f 873/1527/655 875/1530/655 876/1529/655 874/1528/655
f 875/1530/656 879/1532/656 880/1531/656 876/1529/656
f 879/1532/657 877/1534/657 878/1533/657 880/1531/657
f 877/1534/658 873/1536/658 874/1535/658 878/1533/658
f 875/1537/659 873/1538/659 877/1534/659 879/1532/659
f 880/1531/660 878/1533/660 874/1540/660 876/1539/660
o Cube.110
v 0.537247 -0.847102 0.096291
v 0.537247 -1.094549 0.096291
v 0.537247 -0.847102 -0.061830
v 0.537247 -1.094549 -0.061830
v 0.583948 -0.847102 0.096291
v 0.583948 -1.094549 0.096291
v 0.583948 -0.847102 -0.061830
v 0.583948 -1.094549 -0.061830
vn -1.0000 -0.0000 -0.0000
vn -0.0000 -0.0000 -1.0000
vn 1.0000 -0.0000 -0.0000
vn -0.0000 -0.0000 1.0000
vn -0.0000 1.0000 -0.0000
vn -0.0000 -1.0000 -0.0000
vt 0.375000 0.000000
vt 0.625000 0.000000
vt 0.625000 0.250000
vt 0.375000 0.250000
vt 0.625000 0.500000
vt 0.375000 0.500000
vt 0.625000 0.750000
vt 0.375000 0.750000
vt 0.625000 1.000000
vt 0.375000 1.000000
vt 0.125000 0.500000
vt 0.125000 0.750000
vt 0.875000 0.500000
vt 0.875000 0.750000
s 0
usemtl Material.002
f 881/1541/661 883/1544/661 884/1543/661 882/1542/661
f 883/1544/662 887/1546/662 888/1545/662 884/1543/662
f 887/1546/663 885/1548/663 886/1547/663 888/1545/663
f 885/1548/664 881/1550/664 882/1549/664 886/1547/664
f 883/1551/665 881/1552/665 885/1548/665 887/1546/665
f 888/1545/666 886/1547/666 882/1554/666 884/1553/666
o Cube.111
v 0.630368 -0.847102 0.096291
v 0.630368 -1.094549 0.096291
v 0.630368 -0.847102 -0.061830
v 0.630368 -1.094549 -0.061830
v 0.677069 -0.847102 0.096291
v 0.677069 -1.094549 0.096291
v 0.677069 -0.847102 -0.061830
v 0.677069 -1.094549 -0.061830
vn -1.0000 -0.0000 -0.0000
vn -0.0000 -0.0000 -1.0000
vn 1.0000 -0.0000 -0.0000
vn -0.0000 -0.0000 1.0000
vn -0.0000 1.0000 -0.0000
vn -0.0000 -1.0000 -0.0000
vt 0.375000 0.000000
vt 0.625000 0.000000
vt 0.625000 0.250000
vt 0.375000 0.250000
vt 0.625000 0.500000
vt 0.375000 0.500000
vt 0.625000 0.750000
vt 0.375000 0.750000
vt 0.625000 1.000000
vt 0.375000 1.000000
vt 0.125000 0.500000
vt 0.125000 0.750000
vt 0.875000 0.500000
vt 0.875000 0.750000
s 0
usemtl Material.002
f 889/1555/667 891/1558/667 892/1557/667 890/1556/667
f 891/1558/668 895/1560/668 896/1559/668 892/1557/668
f 895/1560/669 893/1562/669 894/1561/669 896/1559/669
f 893/1562/670 889/1564/670 890/1563/670 894/1561/670
f 891/1565/671 889/1566/671 893/1562/671 895/1560/671
f 896/1559/672 894/1561/672 890/1568/672 892/1567/672
o Bookcase
v 1.000000 1.350000 -0.200000
v 1.000000 -1.350000 -0.200000
v 1.000000 1.350000 0.200000
v 1.000000 -1.350000 0.200000
v -1.000000 1.350000 -0.200000
v -1.000000 -1.350000 -0.200000
v -1.000000 1.350000 0.200000
v -1.000000 -1.350000 0.200000
v 1.000000 1.108277 -0.200000
v -1.000000 1.108277 0.200000
v 1.000000 1.108277 0.200000
v -1.000000 1.108277 -0.200000
v 1.000000 -1.107828 -0.200000
v 1.000000 -1.107828 0.200000
v -1.000000 -1.107828 -0.200000
v -1.000000 -1.107828 0.200000
v -0.767123 -1.350000 -0.200000
v -0.767123 1.350000 0.200000
v -0.767123 -1.350000 0.200000
v -0.767123 1.350000 -0.200000
v -0.767123 1.108277 -0.200000
v -0.767123 1.108277 0.200000
v -0.767123 -1.107828 0.200000
v -0.767123 -1.107828 -0.200000
v 0.752786 -1.350000 0.200000
v 0.752786 1.350000 -0.200000
v 0.752786 1.108277 -0.200000
v 0.752786 -1.107828 -0.200000
v 0.752786 -1.350000 -0.200000
v 0.752786 1.350000 0.200000
v 0.752786 1.108277 0.200000
v 0.752786 -1.107828 0.200000
v -1.000000 -0.791241 0.200000
v -1.000000 -0.474655 0.200000
v -1.000000 -0.158069 0.200000
v -1.000000 0.158518 0.200000
v -1.000000 0.475104 0.200000
v -1.000000 0.791691 0.200000
v 1.000000 0.791691 -0.200000
v 1.000000 0.475104 -0.200000
v 1.000000 0.158518 -0.200000
v 1.000000 -0.158069 -0.200000
v 1.000000 -0.474655 -0.200000
v 1.000000 -0.791241 -0.200000
v 1.000000 0.791691 0.200000
v 1.000000 0.475104 0.200000
v 1.000000 0.158518 0.200000
v 1.000000 -0.158069 0.200000
v 1.000000 -0.474655 0.200000
v 1.000000 -0.791241 0.200000
v -1.000000 0.791691 -0.200000
v -1.000000 0.475104 -0.200000
v -1.000000 0.158518 -0.200000
v -1.000000 -0.158069 -0.200000
v -1.000000 -0.474655 -0.200000
v -1.000000 -0.791241 -0.200000
v -0.767123 0.791691 0.200000
v -0.767123 0.475104 0.200000
v -0.767123 0.158518 0.200000
v -0.767123 -0.158069 0.200000
v -0.767123 -0.474655 0.200000
v -0.767123 -0.791241 0.200000
v -0.767123 0.791691 -0.200000
v -0.767123 0.475104 -0.200000
v -0.767123 0.158518 -0.200000
v -0.767123 -0.158069 -0.200000
v -0.767123 -0.474655 -0.200000
v -0.767123 -0.791241 -0.200000
v 0.752786 0.791691 0.200000
v 0.752786 0.475104 0.200000
v 0.752786 0.158518 0.200000
v 0.752786 -0.158069 0.200000
v 0.752786 -0.474655 0.200000
v 0.752786 -0.791241 0.200000
v 0.752786 0.791691 -0.200000
v 0.752786 0.475104 -0.200000
v 0.752786 0.158518 -0.200000
v 0.752786 -0.158069 -0.200000
v 0.752786 -0.474655 -0.200000
v 0.752786 -0.791241 -0.200000
v -1.000000 1.127771 0.200000
v 1.000000 1.127771 -0.200000
v 1.000000 1.127771 0.200000
v -1.000000 1.127771 -0.200000
v -0.767123 1.127771 -0.200000
v -0.767123 1.127771 0.200000
v 0.752786 1.127771 0.200000
v 0.752786 1.127771 -0.200000
v -1.000000 0.810995 0.200000
v 1.000000 0.810995 -0.200000
v 1.000000 0.810995 0.200000
v -1.000000 0.810995 -0.200000
v -0.767123 0.810995 0.200000
v -0.767123 0.810995 -0.200000
v 0.752786 0.810995 0.200000
v 0.752786 0.810995 -0.200000
v -1.000000 0.768526 0.200000
v 1.000000 0.768526 -0.200000
v 1.000000 0.768526 0.200000
v -1.000000 0.768526 -0.200000
v -0.767123 0.768526 0.200000
v -0.767123 0.768526 -0.200000
v 0.752786 0.768526 0.200000
v 0.752786 0.768526 -0.200000
v -1.000000 0.451939 0.200000
v 1.000000 0.451939 -0.200000
v 1.000000 0.451939 0.200000
v -1.000000 0.451939 -0.200000
v -0.767123 0.451939 0.200000
v -0.767123 0.451939 -0.200000
v 0.752786 0.451939 0.200000
v 0.752786 0.451939 -0.200000
v 1.000000 0.498269 -0.200000
v 1.000000 0.498269 0.200000
v -1.000000 0.498269 -0.200000
v -0.767123 0.498269 0.200000
v -0.767123 0.498269 -0.200000
v 0.752786 0.498269 0.200000
v 0.752786 0.498269 -0.200000
v -1.000000 0.498269 0.200000
v 1.000000 0.193265 -0.200000
v 1.000000 0.193265 0.200000
v -1.000000 0.193265 -0.200000
v -0.767123 0.193265 0.200000
v -0.767123 0.193265 -0.200000
v 0.752786 0.193265 0.200000
v 0.752786 0.193265 -0.200000
v -1.000000 0.193265 0.200000
v -1.000000 0.131492 0.200000
v 1.000000 0.131492 -0.200000
v 1.000000 0.131492 0.200000
v -1.000000 0.131492 -0.200000
v -0.767123 0.131492 0.200000
v -0.767123 0.131492 -0.200000
v 0.752786 0.131492 0.200000
v 0.752786 0.131492 -0.200000
v -1.000000 -0.177373 0.200000
v 1.000000 -0.177373 -0.200000
v 1.000000 -0.177373 0.200000
v -1.000000 -0.177373 -0.200000
v -0.767123 -0.177373 0.200000
v -0.767123 -0.177373 -0.200000
v 0.752786 -0.177373 0.200000
v 0.752786 -0.177373 -0.200000
v 1.000000 -0.131399 -0.200000
v 1.000000 -0.131399 0.200000
v -1.000000 -0.131399 -0.200000
v -0.767123 -0.131399 0.200000
v -0.767123 -0.131399 -0.200000
v 0.752786 -0.131399 0.200000
v 0.752786 -0.131399 -0.200000
v -1.000000 -0.131398 0.200000
v 1.000000 -0.451787 -0.200000
v 1.000000 -0.451787 0.200000
v -1.000000 -0.451787 -0.200000
v -0.767123 -0.451787 0.200000
v -0.767123 -0.451787 -0.200000
v 0.752786 -0.451787 0.200000
v 0.752786 -0.451787 -0.200000
v -1.000000 -0.451787 0.200000
v -1.000000 -0.497820 0.200000
v 1.000000 -0.497820 -0.200000
v 1.000000 -0.497820 0.200000
v -1.000000 -0.497820 -0.200000
v -0.767123 -0.497820 0.200000
v -0.767123 -0.497820 -0.200000
v 0.752786 -0.497820 0.200000
v 0.752786 -0.497820 -0.200000
v 1.000000 -0.829850 -0.200000
v 1.000000 -0.829850 0.200000
v -1.000000 -0.829850 -0.200000
v -0.767123 -0.829850 0.200000
v -0.767123 -0.829850 -0.200000
v 0.752786 -0.829850 0.200000
v 0.752786 -0.829850 -0.200000
v -1.000000 -0.829849 0.200000
v 1.000000 -0.764216 -0.200000
v 1.000000 -0.764216 0.200000
v -1.000000 -0.764216 -0.200000
v -0.767123 -0.764216 0.200000
v -0.767123 -0.764216 -0.200000
v 0.752786 -0.764216 0.200000
v 0.752786 -0.764216 -0.200000
v -1.000000 -0.764216 0.200000
v 1.000000 -1.092385 -0.200000
v 1.000000 -1.092385 0.200000
v -1.000000 -1.092385 -0.200000
v -0.767123 -1.092385 0.200000
v -0.767123 -1.092385 -0.200000
v 0.752786 -1.092385 0.200000
v 0.752786 -1.092385 -0.200000
v -1.000000 -1.092385 0.200000
v 1.000000 -1.131264 -0.200000
v 1.000000 -1.131264 0.200000
v -1.000000 -1.131264 -0.200000
v -1.000000 -1.131264 0.200000
v -0.767123 -1.131264 -0.200000
v -0.767123 -1.131264 0.200000
v 0.752786 -1.131264 0.200000
v 0.752786 -1.131264 -0.200000
v 0.752786 1.108277 -0.126180
v -0.767123 1.108277 -0.126180
v -0.767123 0.810995 -0.126180
v 0.752786 0.810995 -0.126180
v 0.752786 0.768526 -0.126180
v -0.767123 0.768526 -0.126180
v -0.767123 0.498269 -0.126180
v 0.752786 0.498269 -0.126180
v -0.767123 -1.131264 -0.126179
v -0.767123 -1.350000 -0.126179
v 0.752786 -1.350000 -0.126179
v 0.752786 -1.131264 -0.126179
v 0.752786 0.451939 -0.126179
v -0.767123 0.451939 -0.126179
v -0.767123 0.193265 -0.126179
v 0.752786 0.193265 -0.126179
v 0.752786 0.131492 -0.126179
v -0.767123 0.131492 -0.126179
v 0.752786 -0.177373 -0.126179
v -0.767123 -0.177373 -0.126179
v -0.767123 -0.131399 -0.126179
v 0.752786 -0.131399 -0.126179
v -0.767123 -0.451787 -0.126179
v 0.752786 -0.451787 -0.126179
v 0.752786 -0.497820 -0.126179
v -0.767123 -0.497820 -0.126179
v 0.752786 -0.829850 -0.126179
v -0.767123 -0.829850 -0.126179
v -0.767123 -0.764216 -0.126179
v 0.752786 -0.764216 -0.126179
v -0.767123 -1.092385 -0.126179
v 0.752786 -1.092385 -0.126179
v -0.767123 -1.131264 0.200000
v -0.767123 -1.350000 0.200000
v 0.752786 -1.350000 0.200000
v 0.752786 -1.131264 0.200000
vn -0.0000 1.0000 -0.0000
vn -0.0000 -0.0000 1.0000
vn -1.0000 -0.0000 -0.0000
vn -0.0000 -1.0000 -0.0000
vn 1.0000 -0.0000 -0.0000
vn -0.0000 -0.0000 -1.0000
vt 0.845890 0.500000
vt 0.875000 0.500000
vt 0.875000 0.750000
vt 0.845890 0.750000
vt 0.604423 0.970890
vt 0.625000 0.970890
vt 0.625000 1.000000
vt 0.604423 1.000000
vt 0.604423 0.000000
vt 0.625000 0.000000
vt 0.625000 0.250000
vt 0.604423 0.250000
vt 0.344098 0.500000
vt 0.375000 0.500000
vt 0.375000 0.750000
vt 0.344098 0.750000
vt 0.604423 0.500000
vt 0.625000 0.500000
vt 0.625000 0.750000
vt 0.604423 0.750000
vt 0.604423 0.469098
vt 0.625000 0.469098
vt 0.575092 0.469098
vt 0.602618 0.469098
vt 0.602618 0.500000
vt 0.575092 0.500000
vt 0.602618 0.750000
vt 0.575092 0.750000
vt 0.575092 0.000000
vt 0.602618 0.000000
vt 0.602618 0.250000
vt 0.575092 0.250000
vt 0.575092 0.970890
vt 0.602618 0.970890
vt 0.602618 1.000000
vt 0.575092 1.000000
vt 0.395253 0.970890
vt 0.397423 0.970890
vt 0.397423 1.000000
vt 0.395253 1.000000
vt 0.395253 0.000000
vt 0.397423 0.000000
vt 0.397423 0.250000
vt 0.395253 0.250000
vt 0.395253 0.500000
vt 0.397423 0.500000
vt 0.397423 0.750000
vt 0.395253 0.750000
vt 0.395253 0.469098
vt 0.397423 0.469098
vt 0.397423 0.279110
vt 0.395253 0.279110
vt 0.395253 0.780902
vt 0.397423 0.780902
vt 0.575092 0.780902
vt 0.602618 0.780902
vt 0.602618 0.279110
vt 0.575092 0.279110
vt 0.625000 0.279110
vt 0.604423 0.279110
vt 0.125000 0.500000
vt 0.154110 0.500000
vt 0.154110 0.750000
vt 0.125000 0.750000
vt 0.604423 0.780902
vt 0.625000 0.780902
vt 0.655902 0.500000
vt 0.655902 0.750000
vt 0.423162 0.279110
vt 0.426737 0.279110
vt 0.426737 0.469098
vt 0.423162 0.469098
vt 0.453906 0.279110
vt 0.456050 0.279110
vt 0.456050 0.469098
vt 0.453906 0.469098
vt 0.483577 0.279110
vt 0.485364 0.279110
vt 0.485364 0.469098
vt 0.483577 0.469098
vt 0.512175 0.279110
vt 0.514678 0.279110
vt 0.514678 0.469098
vt 0.512175 0.469098
vt 0.541846 0.279110
vt 0.543991 0.279110
vt 0.543991 0.469098
vt 0.541846 0.469098
vt 0.571160 0.279110
vt 0.573305 0.279110
vt 0.573305 0.469098
vt 0.571160 0.469098
vt 0.423162 0.750000
vt 0.426737 0.750000
vt 0.426737 0.780902
vt 0.423162 0.780902
vt 0.453906 0.750000
vt 0.456050 0.750000
vt 0.456050 0.780902
vt 0.453906 0.780902
vt 0.483577 0.750000
vt 0.485364 0.750000
vt 0.485364 0.780902
vt 0.483577 0.780902
vt 0.512175 0.750000
vt 0.514678 0.750000
vt 0.514678 0.780902
vt 0.512175 0.780902
vt 0.541846 0.750000
vt 0.543991 0.750000
vt 0.543991 0.780902
vt 0.541846 0.780902
vt 0.571160 0.750000
vt 0.573305 0.750000
vt 0.573305 0.780902
vt 0.571160 0.780902
vt 0.423162 0.250000
vt 0.426737 0.250000
vt 0.453906 0.250000
vt 0.456050 0.250000
vt 0.483577 0.250000
vt 0.485364 0.250000
vt 0.512175 0.250000
vt 0.514678 0.250000
vt 0.541846 0.250000
vt 0.543991 0.250000
vt 0.571160 0.250000
vt 0.573305 0.250000
vt 0.426737 0.970890
vt 0.423162 0.970890
vt 0.456050 0.970891
vt 0.453906 0.970891
vt 0.485364 0.970891
vt 0.483577 0.970891
vt 0.514678 0.970891
vt 0.512175 0.970891
vt 0.543991 0.970890
vt 0.541846 0.970890
vt 0.573305 0.970890
vt 0.571160 0.970890
vt 0.426737 1.000000
vt 0.423162 1.000000
vt 0.456050 1.000000
vt 0.453906 1.000000
vt 0.485364 1.000000
vt 0.483577 1.000000
vt 0.514678 1.000000
vt 0.512175 1.000000
vt 0.543991 1.000000
vt 0.541846 1.000000
vt 0.573305 1.000000
vt 0.571160 1.000000
vt 0.423162 0.000000
vt 0.426737 0.000000
vt 0.453906 0.000000
vt 0.456050 0.000000
vt 0.483577 0.000000
vt 0.485364 0.000000
vt 0.512175 0.000000
vt 0.514678 0.000000
vt 0.541846 0.000000
vt 0.543991 0.000000
vt 0.571160 0.000000
vt 0.573305 0.000000
vt 0.423162 0.500000
vt 0.426737 0.500000
vt 0.453906 0.500000
vt 0.456050 0.500000
vt 0.483577 0.500000
vt 0.485364 0.500000
vt 0.512175 0.500000
vt 0.514678 0.500000
vt 0.541846 0.500000
vt 0.543991 0.500000
vt 0.571160 0.500000
vt 0.573305 0.500000
vt 0.546136 0.469098
vt 0.546136 0.500000
vt 0.546136 0.750000
vt 0.546136 0.000000
vt 0.546136 0.250000
vt 0.546136 0.970890
vt 0.546136 1.000000
vt 0.546136 0.780902
vt 0.546136 0.279110
vt 0.517895 0.469098
vt 0.517895 0.500000
vt 0.517895 0.750000
vt 0.517895 0.000000
vt 0.517895 0.250000
vt 0.517895 0.970891
vt 0.517895 1.000000
vt 0.429239 0.970890
vt 0.517895 0.279110
vt 0.517895 0.780902
vt 0.487833 0.469098
vt 0.487833 0.500000
vt 0.487833 0.750000
vt 0.487833 0.000000
vt 0.487834 0.250000
vt 0.487834 0.970891
vt 0.487833 1.000000
vt 0.487833 0.279110
vt 0.487833 0.780902
vt 0.458168 0.469098
vt 0.458168 0.500000
vt 0.458168 0.750000
vt 0.458168 0.000000
vt 0.458168 0.250000
vt 0.458168 0.970891
vt 0.458168 1.000000
vt 0.458168 0.279110
vt 0.458168 0.780902
vt 0.429239 0.469098
vt 0.429239 0.500000
vt 0.429239 0.750000
vt 0.429239 0.000000
vt 0.429239 0.250000
vt 0.429239 1.000000
vt 0.429239 0.279110
vt 0.429239 0.780902
vt 0.398853 0.469098
vt 0.398853 0.500000
vt 0.398853 0.750000
vt 0.398853 0.000000
vt 0.398853 0.250000
vt 0.398853 0.970890
vt 0.398853 1.000000
vt 0.398853 0.279110
vt 0.398853 0.780902
vt 0.375000 0.279110
vt 0.375000 0.469098
vt 0.375000 0.780902
vt 0.375000 0.250000
vt 0.375000 0.000000
vt 0.375000 0.970890
vt 0.375000 1.000000
s 0
usemtl Material.003
f 916/1569/673 901/1570/673 903/1571/673 914/1572/673
f 982/1573/674 914/1574/674 903/1575/674 977/1576/674
f 977/1577/675 903/1578/675 901/1579/675 980/1580/675
f 925/1581/676 898/1582/676 900/1583/676 921/1584/676
f 978/1585/677 897/1586/677 899/1587/677 979/1588/677
f 984/1589/678 922/1590/678 897/1586/678 978/1585/678
f 992/1591/678 923/1592/678 905/1593/678 986/1594/678
f 986/1594/677 905/1593/677 907/1595/677 987/1596/677
f 985/1597/675 906/1598/675 908/1599/675 988/1600/675
f 989/1601/674 918/1602/674 906/1603/674 985/1604/674
f 1094/1605/674 919/1606/674 912/1607/674 1092/1608/674
f 1092/1609/675 912/1610/675 911/1611/675 1091/1612/675
f 1089/1613/677 909/1614/677 910/1615/677 1090/1616/677
f 1096/1617/678 924/1618/678 909/1614/678 1089/1613/678
f 1091/1612/678 911/1611/678 920/1619/678 1093/1620/678
f 1095/1621/674 928/1622/674 919/1606/674 1094/1605/674
f 991/1623/675 927/1624/675 1097/1624/675 1100/1623/675
f 988/1600/678 908/1599/678 917/1625/678 990/1626/678
f 980/1580/678 901/1579/678 916/1627/678 981/1628/678
f 902/1629/676 913/1630/676 915/1631/676 904/1632/676
f 983/1633/674 926/1634/674 914/1574/674 982/1573/674
f 922/1635/673 916/1569/673 914/1572/673 926/1636/673
f 897/1586/673 922/1635/673 926/1636/673 899/1587/673
f 979/1588/674 899/1587/674 926/1634/674 983/1633/674
f 987/1596/674 907/1595/674 927/1624/674 991/1623/674
f 1090/1616/674 910/1615/674 928/1622/674 1095/1621/674
f 1093/1620/678 920/1619/678 924/1618/678 1096/1617/678
f 990/1626/678 917/1625/678 923/1592/678 992/1591/678
f 981/1628/678 916/1627/678 922/1590/678 984/1589/678
f 913/1630/676 925/1581/676 921/1584/676 915/1631/676
f 1069/1637/678 964/1638/678 976/1639/678 1071/1640/678
f 1062/1641/678 963/1642/678 975/1643/678 1064/1644/678
f 1038/1645/678 962/1646/678 974/1647/678 1040/1648/678
f 1030/1649/678 961/1650/678 973/1651/678 1032/1652/678
f 1006/1653/678 960/1654/678 972/1655/678 1008/1656/678
f 998/1657/678 959/1658/678 971/1659/678 1000/1660/678
f 1066/1661/674 946/1662/674 970/1663/674 1070/1664/674
f 1059/1665/674 945/1666/674 969/1667/674 1063/1668/674
f 1035/1669/674 944/1670/674 968/1671/674 1039/1672/674
f 1027/1673/674 943/1674/674 967/1675/674 1031/1676/674
f 1003/1677/674 942/1678/674 966/1679/674 1007/1680/674
f 995/1681/674 941/1682/674 965/1683/674 999/1684/674
f 1067/1685/678 952/1686/678 964/1638/678 1069/1637/678
f 1060/1687/678 951/1688/678 963/1642/678 1062/1641/678
f 1036/1689/678 950/1690/678 962/1646/678 1038/1645/678
f 1028/1691/678 949/1692/678 961/1650/678 1030/1649/678
f 1004/1693/678 948/1694/678 960/1654/678 1006/1653/678
f 996/1695/678 947/1696/678 959/1658/678 998/1657/678
f 1070/1664/674 970/1663/674 958/1697/674 1068/1698/674
f 1063/1668/674 969/1667/674 957/1699/674 1061/1700/674
f 1039/1672/674 968/1671/674 956/1701/674 1037/1702/674
f 1031/1676/674 967/1675/674 955/1703/674 1029/1704/674
f 1007/1680/674 966/1679/674 954/1705/674 1005/1706/674
f 999/1684/674 965/1683/674 953/1707/674 997/1708/674
f 1068/1698/674 958/1697/674 929/1709/674 1072/1710/674
f 1061/1700/674 957/1699/674 930/1711/674 1057/1712/674
f 1037/1702/674 956/1701/674 931/1713/674 1033/1714/674
f 1029/1704/674 955/1703/674 932/1715/674 1025/1716/674
f 1005/1706/674 954/1705/674 933/1717/674 1001/1718/674
f 997/1708/674 953/1707/674 934/1719/674 993/1720/674
f 1072/1721/675 929/1722/675 952/1686/675 1067/1685/675
f 1057/1723/675 930/1724/675 951/1688/675 1060/1687/675
f 1033/1725/675 931/1726/675 950/1690/675 1036/1689/675
f 1025/1727/675 932/1728/675 949/1692/675 1028/1691/675
f 1001/1729/675 933/1730/675 948/1694/675 1004/1693/675
f 993/1731/675 934/1732/675 947/1696/675 996/1695/675
f 1065/1733/677 940/1734/677 946/1662/677 1066/1661/677
f 1058/1735/677 939/1736/677 945/1666/677 1059/1665/677
f 1034/1737/677 938/1738/677 944/1670/677 1035/1669/677
f 1026/1739/677 937/1740/677 943/1674/677 1027/1673/677
f 1002/1741/677 936/1742/677 942/1678/677 1003/1677/677
f 994/1743/677 935/1744/677 941/1682/677 995/1681/677
f 1071/1640/678 976/1639/678 940/1734/678 1065/1733/678
f 1064/1644/678 975/1643/678 939/1736/678 1058/1735/678
f 1040/1648/678 974/1647/678 938/1738/678 1034/1737/678
f 1032/1652/678 973/1651/678 937/1740/678 1026/1739/678
f 1008/1656/678 972/1655/678 936/1742/678 1002/1741/678
f 1000/1660/678 971/1659/678 935/1744/678 994/1743/678
f 917/1625/678 981/1628/678 984/1589/678 923/1592/678
f 907/1595/674 979/1588/674 983/1633/674 927/1624/674
f 927/1624/674 983/1633/674 982/1573/674 918/1602/674
f 908/1599/678 980/1580/678 981/1628/678 917/1625/678
f 923/1592/678 984/1589/678 978/1585/678 905/1593/678
f 905/1593/677 978/1585/677 979/1588/677 907/1595/677
f 906/1598/675 977/1577/675 980/1580/675 908/1599/675
f 918/1602/674 982/1573/674 977/1576/674 906/1603/674
f 959/1658/678 990/1626/678 992/1591/678 971/1659/678
f 941/1682/674 987/1596/674 991/1623/674 965/1683/674
f 947/1696/678 988/1600/678 990/1626/678 959/1658/678
f 965/1683/674 991/1623/674 989/1601/674 953/1707/674
f 953/1707/674 989/1601/674 985/1604/674 934/1719/674
f 934/1732/675 985/1597/675 988/1600/675 947/1696/675
f 935/1744/677 986/1594/677 987/1596/677 941/1682/677
f 971/1659/678 992/1591/678 986/1594/678 935/1744/678
f 1015/1745/678 1000/1660/678 994/1743/678 1009/1746/678
f 1009/1746/677 994/1743/677 995/1681/677 1010/1747/677
f 1016/1748/675 993/1731/675 996/1695/675 1011/1749/675
f 1012/1750/674 997/1708/674 993/1720/674 1016/1751/674
f 1014/1752/675 999/1684/675 1101/1684/675 1104/1752/675
f 1011/1749/678 996/1695/678 998/1657/678 1013/1753/678
f 1010/1747/674 995/1681/674 999/1684/674 1014/1752/674
f 1013/1753/678 998/1657/678 1000/1660/678 1015/1745/678
f 1023/1754/678 1008/1656/678 1002/1741/678 1017/1755/678
f 1017/1755/677 1002/1741/677 1003/1677/677 1018/1756/677
f 1024/1757/675 1001/1729/675 1004/1693/675 1019/1758/675
f 1020/1759/674 1005/1706/674 1001/1718/674 1024/1760/674
f 1061/1700/677 1076/1761/677 1125/1761/677 1122/1700/677
f 1019/1758/678 1004/1693/678 1006/1653/678 1021/1762/678
f 1018/1756/674 1003/1677/674 1007/1680/674 1022/1763/674
f 1021/1762/678 1006/1653/678 1008/1656/678 1023/1754/678
f 960/1654/678 1013/1753/678 1015/1745/678 972/1655/678
f 942/1678/674 1010/1747/674 1014/1752/674 966/1679/674
f 948/1694/678 1011/1749/678 1013/1753/678 960/1654/678
f 966/1679/674 1014/1752/674 1012/1750/674 954/1705/674
f 954/1705/674 1012/1750/674 1016/1751/674 933/1717/674
f 933/1730/675 1016/1748/675 1011/1749/675 948/1694/675
f 936/1742/677 1009/1746/677 1010/1747/677 942/1678/677
f 972/1655/678 1015/1745/678 1009/1746/678 936/1742/678
f 961/1650/678 1021/1762/678 1023/1754/678 973/1651/678
f 943/1674/674 1018/1756/674 1022/1763/674 967/1675/674
f 949/1692/678 1019/1758/678 1021/1762/678 961/1650/678
f 967/1675/674 1022/1763/674 1020/1759/674 955/1703/674
f 955/1703/674 1020/1759/674 1024/1760/674 932/1715/674
f 932/1728/675 1024/1757/675 1019/1758/675 949/1692/675
f 937/1740/677 1017/1755/677 1018/1756/677 943/1674/677
f 973/1651/678 1023/1754/678 1017/1755/678 937/1740/678
f 1047/1764/678 1032/1652/678 1026/1739/678 1041/1765/678
f 1041/1765/677 1026/1739/677 1027/1673/677 1042/1766/677
f 1048/1767/675 1025/1727/675 1028/1691/675 1043/1768/675
f 1044/1769/674 1029/1704/674 1025/1716/674 1048/1770/674
f 1020/1759/673 1022/1763/673 1112/1763/673 1111/1759/673
f 1043/1768/678 1028/1691/678 1030/1649/678 1045/1771/678
f 1042/1766/674 1027/1673/674 1031/1676/674 1046/1772/674
f 1045/1771/678 1030/1649/678 1032/1652/678 1047/1764/678
f 1055/1773/678 1040/1648/678 1034/1737/678 1049/1774/678
f 1049/1774/677 1034/1737/677 1035/1669/677 1050/1775/677
f 1056/1776/675 1033/1725/675 1036/1689/675 1051/1777/675
f 1052/1778/674 1037/1702/674 1033/1714/674 1056/1779/674
f 1063/1668/676 1061/1700/676 1122/1700/676 1121/1668/676
f 1051/1777/678 1036/1689/678 1038/1645/678 1053/1780/678
f 1050/1775/674 1035/1669/674 1039/1672/674 1054/1781/674
f 1053/1780/678 1038/1645/678 1040/1648/678 1055/1773/678
f 962/1646/678 1045/1771/678 1047/1764/678 974/1647/678
f 944/1670/674 1042/1766/674 1046/1772/674 968/1671/674
f 950/1690/678 1043/1768/678 1045/1771/678 962/1646/678
f 968/1671/674 1046/1772/674 1044/1769/674 956/1701/674
f 956/1701/674 1044/1769/674 1048/1770/674 931/1713/674
f 931/1726/675 1048/1767/675 1043/1768/675 950/1690/675
f 938/1738/677 1041/1765/677 1042/1766/677 944/1670/677
f 974/1647/678 1047/1764/678 1041/1765/678 938/1738/678
f 963/1642/678 1053/1780/678 1055/1773/678 975/1643/678
f 945/1666/674 1050/1775/674 1054/1781/674 969/1667/674
f 951/1688/678 1051/1777/678 1053/1780/678 963/1642/678
f 969/1667/674 1054/1781/674 1052/1778/674 957/1699/674
f 957/1699/674 1052/1778/674 1056/1779/674 930/1711/674
f 930/1724/675 1056/1776/675 1051/1777/675 951/1688/675
f 939/1736/677 1049/1774/677 1050/1775/677 945/1666/677
f 975/1643/678 1055/1773/678 1049/1774/678 939/1736/678
f 1079/1782/678 1064/1644/678 1058/1735/678 1073/1783/678
f 1073/1783/677 1058/1735/677 1059/1665/677 1074/1784/677
f 1080/1785/675 1057/1723/675 1060/1687/675 1075/1786/675
f 1076/1761/674 1061/1700/674 1057/1712/674 1080/1787/674
f 1005/1706/677 1020/1759/677 1111/1759/677 1110/1706/677
f 1075/1786/678 1060/1687/678 1062/1641/678 1077/1788/678
f 1074/1784/674 1059/1665/674 1063/1668/674 1078/1789/674
f 1077/1788/678 1062/1641/678 1064/1644/678 1079/1782/678
f 1087/1790/678 1071/1640/678 1065/1733/678 1081/1791/678
f 1081/1791/677 1065/1733/677 1066/1661/677 1082/1792/677
f 1088/1793/675 1072/1721/675 1067/1685/675 1083/1794/675
f 1084/1795/674 1068/1698/674 1072/1710/674 1088/1796/674
f 1054/1781/675 1039/1672/675 1115/1672/675 1120/1781/675
f 1083/1794/678 1067/1685/678 1069/1637/678 1085/1797/678
f 1082/1792/674 1066/1661/674 1070/1664/674 1086/1798/674
f 1085/1797/678 1069/1637/678 1071/1640/678 1087/1790/678
f 964/1638/678 1077/1788/678 1079/1782/678 976/1639/678
f 946/1662/674 1074/1784/674 1078/1789/674 970/1663/674
f 952/1686/678 1075/1786/678 1077/1788/678 964/1638/678
f 970/1663/674 1078/1789/674 1076/1761/674 958/1697/674
f 958/1697/674 1076/1761/674 1080/1787/674 929/1709/674
f 929/1722/675 1080/1785/675 1075/1786/675 952/1686/675
f 940/1734/677 1073/1783/677 1074/1784/677 946/1662/677
f 976/1639/678 1079/1782/678 1073/1783/678 940/1734/678
f 920/1619/678 1085/1797/678 1087/1790/678 924/1618/678
f 910/1615/674 1082/1792/674 1086/1798/674 928/1622/674
f 911/1611/678 1083/1794/678 1085/1797/678 920/1619/678
f 928/1622/674 1086/1798/674 1084/1795/674 919/1606/674
f 919/1606/674 1084/1795/674 1088/1796/674 912/1607/674
f 912/1610/675 1088/1793/675 1083/1794/675 911/1611/675
f 909/1614/677 1081/1791/677 1082/1792/677 910/1615/677
f 924/1618/678 1087/1790/678 1081/1791/678 909/1614/678
f 913/1799/678 1093/1620/678 1096/1617/678 925/1800/678
f 900/1583/674 1090/1616/674 1095/1621/674 921/1801/674
f 1007/1680/676 1005/1706/676 1110/1706/676 1109/1680/676
f 902/1802/678 1091/1612/678 1093/1620/678 913/1799/678
f 925/1800/678 1096/1617/678 1089/1613/678 898/1582/678
f 898/1582/677 1089/1613/677 1090/1616/677 900/1583/677
f 904/1803/675 1092/1609/675 1091/1612/675 902/1802/675
f 915/1804/674 1094/1605/674 1092/1608/674 904/1805/674
f 1100/1623/674 1097/1624/674 1098/1602/674 1099/1601/674
f 927/1624/676 918/1602/676 1098/1602/676 1097/1624/676
f 918/1602/677 989/1601/677 1099/1601/677 1098/1602/677
f 989/1601/673 991/1623/673 1100/1623/673 1099/1601/673
f 1104/1752/674 1101/1684/674 1102/1708/674 1103/1750/674
f 997/1708/677 1012/1750/677 1103/1750/677 1102/1708/677
f 999/1684/676 997/1708/676 1102/1708/676 1101/1684/676
f 1012/1750/673 1014/1752/673 1104/1752/673 1103/1750/673
f 1112/1763/674 1109/1680/674 1110/1706/674 1111/1759/674
f 1118/1772/674 1113/1676/674 1114/1704/674 1117/1769/674
f 1120/1781/674 1115/1672/674 1116/1702/674 1119/1778/674
f 1126/1789/674 1121/1668/674 1122/1700/674 1125/1761/674
f 1128/1798/674 1123/1664/674 1124/1698/674 1127/1795/674
f 1107/1801/677 1108/1621/677 1132/1621/677 1131/1801/677
f 921/1801/675 1095/1621/675 1108/1621/675 1107/1801/675
f 1070/1664/676 1068/1698/676 1124/1698/676 1123/1664/676
f 1076/1761/673 1078/1789/673 1126/1789/673 1125/1761/673
f 1022/1763/675 1007/1680/675 1109/1680/675 1112/1763/675
f 1068/1698/677 1084/1795/677 1127/1795/677 1124/1698/677
f 1084/1795/673 1086/1798/673 1128/1798/673 1127/1795/673
f 1031/1676/676 1029/1704/676 1114/1704/676 1113/1676/676
f 1095/1621/676 1094/1605/676 1105/1605/676 1108/1621/676
f 1078/1789/675 1063/1668/675 1121/1668/675 1126/1789/675
f 1029/1704/677 1044/1769/677 1117/1769/677 1114/1704/677
f 1039/1672/676 1037/1702/676 1116/1702/676 1115/1672/676
f 1086/1798/675 1070/1664/675 1123/1664/675 1128/1798/675
f 1044/1769/673 1046/1772/673 1118/1772/673 1117/1769/673
f 915/1631/673 921/1584/673 1107/1584/673 1106/1631/673
f 1037/1702/677 1052/1778/677 1119/1778/677 1116/1702/677
f 1094/1605/677 915/1804/677 1106/1804/677 1105/1605/677
f 1052/1778/673 1054/1781/673 1120/1781/673 1119/1778/673
f 1046/1772/675 1031/1676/675 1113/1676/675 1118/1772/675
f 1131/1801/674 1132/1621/674 1129/1605/674 1130/1804/674
f 1105/1605/675 1106/1804/675 1130/1804/675 1129/1605/675
f 1106/1631/676 1107/1584/676 1131/1584/676 1130/1631/676
f 1108/1621/673 1105/1605/673 1129/1605/673 1132/1621/673
